#,Name,Type 1,Type 2,Move 1,Move Type,Move 2,Move Type,Mega Move,Move Type,Level,Catch,Evolutions,Evolution needs,Form Change,Ability 1,Ability 2,Color,Catch Pool,Alpha Pool,Safari Zone,TODO
2,Ivysaur,Grass,Poison,Mega Drain ,Grass,Toxic,Poison,-,-,3,5+,Venusaur,2,,Cut,Strength,Blue,,,,
5,Charmeleon,Fire,-,Flamethrower,Fire,Dragon Tail,Dragon,-,-,3,5+,Charizard,2,,Strength,-,Blue,,,,
8,Wartortle,Water,-,Waterfall,Water,Rollout,Rock,-,-,3,5+,Blastoise,2,-,Surf,Strength,Blue,,,,
17,Pidgeotto,Normal,Flying,Wing Attack,Flying,Mud Slap,Ground,-,-,3,5+,Pigeot,2,-,Fly,-,Blue,,,,
20,Raticate (R),Dark,Normal,Knock Off,Dark,Body Slam,Normal,-,-,3,5+,,-,Sun Stone,Dig,-,Blue,,Green,Yes,
20,Raticate,Normal,-,Super Fang,Normal,Revenge,Fighting,-,-,3,5+,,-,Moon Stone,Dig,-,Blue,,,,
22,Fearow,Flying,-,Drill Peck,Flying,Submission,Fighting,-,-,3,5+,,-,-,Fly,-,Blue,,Green,,
24,Arbok,Poison,-,Neurotoxin,Poison,Glare,Normal,-,-,3,5+,,-,,Antidote,Dig,Blue,,Green,,
28,Sandslash (R),Ice,Steel,Icicle Crash,Ice,Gyro Ball,Steel,-,-,3,5+,,,Sun Stone,Cut,Dig,Blue,,Green,,
28,Sandslash,Ground,-,Slash,Normal,Dig,Ground,-,-,3,5+,,,Ice Stone,Cut,Dig,Blue,,,Yes,
30,Nidorina,Poison,Fighting,Poison Jab,Poison,Rock Smash,Figthing,-,-,3,5+,Nidoqueen,2 + Moon Stone,,Strength,-,Blue,,Green,,
33,Nidorino,Poison,Ground,Poison Jab,Poison,Dig,Ground,-,-,3,5+,Nidoking,2 + Moon Stone,,Strength,-,Blue,,Green,,
42,Golbat,Poison,Flying,Confuse Ray,Ghost,Air Slash,Flying,-,-,3,5+,Crobat,2,,Fly,-,Blue,,,,
44,Gloom,Grass,Poison,Stun Spore,Grass,Sweet Scent,Fairy,-,-,3,5+,Vileplume/Belossom,vvv,,Cut,-,Blue,,,,
48,Venonat,Bug,Psychic,Leech Life,Bug,Confusion,Psychic,-,-,3,5+,Venomoth,1,,Flash,-,Blue,,Green,,
51,Dugtrio (R),Ground,Steel,Flash Cannon,Steel,Dig,Ground,-,-,4,6+,,,,Dig,-,Blue,,,,
51,Dugtrio,Ground,-,Sucker Punch,Dark,Dig,Ground,-,-,4,6+,,-,,Dig,-,Blue,,,,
61,Poliwhirl,Water,-,Water Pulse,Water,Submission,Fighting,-,-,4,6+,Poliwrath/Politoed,vvv,,Strength,Surf,Blue,,Blue,,
64,Kadabra,Psychic,-,Psybeam,Psychic,Disable,Normal,-,-,3,5+,Alakazam,2 + Dawn Stone,,Teleport,-,Blue,,Green,,
67,Machoke,Fighting,-,Low Kick,Fighting,Dual Chop,Dragon,-,-,4,6+,Machamp,2,,Strength,-,Blue,,Blue,,
70,Weepinbell (R),Grass,Fire,Bullet Seed,Grass,Sludge Bomb,Poison,-,-,3,5+,Victreebel (R),2,Leaf Stone,Cut,Flash,Blue,,Green,,
73,Tentacruel,Water,Poison,Cross Poison,Poison,Aqua Ring,Water,-,-,4,6+,,-,,Surf,-,Blue,,Blue,,
75,Graveler,Rock,Ground,Gravalanche,Rock,Self Destruct,Normal,-,-,4,6+,Golem,2,Thunder Stone,Dig,Strength,Blue,,Blue,,
75,Graveler (R),Rock,Electric,Gravalanche,Rock,Discharge,Electric,-,-,4,6+,Golem (R),2,Iron Stone,Flash,Strength,Blue,,,,
82,Magneton,Electric,Steel,Magnet Bomb,Steel,Discharge,Electric,-,-,4,6+,Magnezone,2 + Iron Stone,,Flash,-,Blue,,Blue,,
84,Doduo,Normal,Flying,Peck,Flying,Body Slam,Normal,-,-,3,5+,Dodrio,1,,Fly,-,Blue,,Green,,
84,Doduo (R),Fairy,Flying,Peck,Flying,Draining Kiss,Fairy,-,-,3,5+,,,,Fly,,Blue,,,,
88,Grimer,Poison,Dark,Mega Drain ,Grass,Snatch,Dark,-,-,3,5+,Muk,1,,-,-,Blue,,,,
88,Grimer,Poison,-,Sludge Bomb,Poison,Loam Toss,Ground,-,-,3,5+,Muk,1,,-,-,Blue,,,,
93,Haunter,Ghost,Poison,Confuse Ray,Ghost,Miasma,Poison,-,-,4,6+,Gengar,1 + Dusk Stone,,Teleport,-,Blue,,Blue,Yes,
93,Haunter (R),Dragon,Psychic,Dragon Rush,Dragon,Psybeam,Psychic,-,-,4,6+,,,,Teleport,-,Blue,,,,
95,Crystal Onix,Rock,Fairy,Spirit Break,Fairy,Mineral Blast,Rock,-,-,5,8+,,,,Dig; Ride; Strength,-,Blue,Wanderer,,,
100,Voltorb,Electric,-,Thunder Bolt,Electric,Self Destruct,Normal,-,-,4,6+,Electrode,2,,Flash,-,Blue,,Pink,,
100,Voltorb (R),Electric,Grass,Thunder Bolt,Electric,Mega Drain,Grass,-,,4,6+,,,,Flash,-,Blue,,,,
102,Exeggcute,Grass,Psychic,Leech Seed,Grass,Hypnosis,Psychic,-,-,3,5+,Exeggutor/Exeggutor (R),vvv,,Teleport,-,Blue,,Green,,
104,Cubone,Ground,-,Bone Club,Ground,Headbutt,Normal,-,-,3,5+,Marowak/Marowak (R),vvv,,-,-,Blue,,Green,,
106,Hitmonlee,Fighting,-,Brick Break,Fighting,Blaze Kick,Fire,-,-,4,6+,from Tyrogue,2,,-,-,Blue,,,,
107,Hitmonchan,Fighting,-,Ice Punch,Ice,Counter,Fighting,-,-,4,6+,from Tyrogue,2,,-,-,Blue,,,,
109,Koffing,Poison,-,Will-O-Wisp,Fire,Acid Spray,Poison,-,-,3,5+,Weezing,2,,Flash,-,Blue,,,,
111,Rhyhorn,Ground,Rock,Drill Run,Ground,Rock Slide,Rock,-,-,4,6+,Rhydon,1,,Strength,-,Blue,,Blue,,
114,Tangela,Grass,-,Leech Seed,Grass,Mud Bomb,Ground,-,-,3,5+,Tangrowth,2 + Leaf Stone,,Cut,Dig,Blue,,Green,,
130,Gyarados,Water,Flying,Water Pulse,Water,Hurricane,Flying,Dragon Dance,Dragon,4,6+,,,Mega,Strength,Surf,Blue,No,Blue,Yes,
131,Lapras,Water,Ice,Water Pulse,Water,Ice Beam,Ice,Dazzling Gleam,Fairy,4,6+,,,Mega,Surf,-,Blue,,Blue,Yes,
138,Omanyte,Rock,Water,Ancient Power,Rock,Water Pulse,Water,-,-,4,6+,Omastar,2,,Surf,-,Blue,Fossil,,,
140,Kabuto,Rock,Bug,Ancient Power,Rock,Leech Life,Bug,-,-,4,6+,Kabutops,2,,Surf,-,Blue,Fossil,,,
143,Snorlax,Normal,-,Submission,Fighting,Slam,Normal,-,-,4,6+,,,,Strength,Surf,Blue,No,,,
143,Snorlax-Sleeptalker,Normal,-,Giga Impact,Normal,Rest,Psychic,-,-,5,8+,,,,"Strength, Surf, Sleeptalk",-,Blue,Road Block,,,
143,Snorlax-Sleeptalker_Asleep,Normal,-,Big Yawn,Normal,Snore,Psychic,-,-,5,8+,,,,"Strength, Surf, Sleeptalk",-,Blue,Road Block,,,
151,Mew,Psychic,-,Transform,Normal,Pay Day,Normal,-,-,5,8+,,,,MEW,-,Blue,Wanderer,,,
153,Bayleef,Grass,-,Draining Kiss,Fairy,Power Whip,Grass,-,-,3,5+,,,,Cut,-,Blue,,,,
162,Furret,Normal,-,Swift,Normal,Charm,Fairy,-,-,3,5+,,,,Pick Up,Versatile,Blue,,,,
166,Ledian,Bug,Fighting,Force Palm,Fighting,U-Turn,Bug,-,-,4,6+,,,,Strength,-,Blue,,,,
170,Chinchou,Water,Electric,Spark,Electric,Surf,Water,-,-,3,5+,Lanturn,2,,Surf,-,Blue,,Green,Yes,
176,Togetic,Fairy,Flying,Lucky Chant,Fairy,Metronome,Normal,-,-,4,6+,,,,Flash,Fly,Blue,,,,
180,Flaaffy,Electric,-,Power Gem,Rock,Ion Deluge,Electric,-,-,3,5+,Ampharos,2,,Flash,-,Blue,,,,
185,Sudowoodo,Rock,-,Rock Tomb,Rock,Mimic,Normal,-,-,4,6+,,,,Strength,-,Blue,No,,,
185,Shiny Sudowoodo,Rock,-,Cement Slam,Rock,Counter,Fighting,-,-,5,8+,,,,Strength,-,Blue,Road Block,,,
198,Murkrow,Dark,Flying,Air Cutter,Flying,Snatch,Dark,-,-,3,5+,,,,Fly,Pick Up,Blue,,,,
202,Wobbuffet,Psychic,-,Mirror Coat,Psychic,Counter,Fighting,-,-,4,6+,,,,Teleport,-,Blue,,Blue,Yes,
204,Pineco,Bug,-,Self-Destruct,Normal,Steamroller,Bug,-,,4,6+,,,,-,-,Blue,,,,
209,Snubbull,Fairy,-,Fairy Wind,Fairy,Crunch,Dark,-,-,3,5+,Granbull,3,,-,-,Blue,,Green,Yes,
215,Sneasel,Dark,Ice,Ice Shard,Ice,Night Slash,Dark,-,-,3,5+,Weavile,2,,Cut,-,Blue,,Green,Yes,
215,Sneasel (R),Fighting,Poison,Sludge Bomb,Poison,Mach Punch,Fighting,-,-,3,5+,Weavile,2,,Strength,-,Blue,,Green,Yes,
221,Piloswine,Ice,Ground,Ice Fang,Ice,Mud Slap,Ground,-,-,3,5+,Mamoswine,2 + Ice Stone,,Ride,Strength,Blue,,,,
222,Corsola,Water,Rock,Cleansing Wave,Water,Stone Shard,Rock,-,-,3,5+,,,,Surf,-,Blue,,,,
222,Corsola (R),Ghost,Rock,Ghostly Presence,Ghost,Stone Shard,Rock,-,-,3,5+,,,,Surf,-,Blue,,,,
237,Hitmontop,Fighting,-,Thunder Punch,Electric,Triple Kick,Fighting,-,-,4,6+,from Tyroge,2,,-,-,Blue,,,,
243,Raikou,Electric,-,Stone Edge,Rock,Zap Cannon,Electric,-,-,5,8+,,,,Flash,Ride,Blue,Wanderer,,,
243,Raikou,Electric,Dragon,Glaive Rush,Dragon,Gigavolt,Electric,-,-,5,8+,,,,Flash,Ride,Blue,,,,
244,Entei,Fire,-,Eruption,Fire,Bulldoze,Ground,-,-,5,8+,,,,Ride,Strength,Blue,Wanderer,,,
244,Entei,Fire,Dragon,Lava Plume,Fire,Drake Flare,Dragon,-,-,5,8+,,,,Ride,Strength,Blue,,,,
245,Suicune,Water,-,Foam Burst,Water,Ice Fang,Ice,-,-,5,8+,,,,Ride,Surf,Blue,Wanderer,,,
245,Suicune,Water,Dragon,Stormsurge,Water,Wyrmwind,Dragon,-,-,5,8+,,,,Ride,Surf,Blue,,,,
251,Celebi,Fairy,Grass,Giga Drain,Grass,Faerie Fire,Fairy,-,-,5,8+,,,,Healer,-,Blue,Wanderer,,,
253,Grovyle,Grass,-,Bullet Seed,Grass,Dual Chop,Dragon,-,-,3,5+,Sceptile,2,,Cut,-,Blue,,,,
256,Combusken,Fire,Fighting,Rock Smash,Fighting,Blaze Kick,Fire,-,-,3,5+,Blaziken,2,,Flash,Strength,Blue,,,,
259,Marshtomp,Water,Ground,Water Pulse,Water,Mud Bomb,Ground,-,-,3,5+,Swampert,2,,Strength,Surf,Blue,,,,
278,Wingull,Water,Flying,Air Cutter,Flying,Water Gun,Water,-,-,2,4+,,,,Fly,-,Blue,,,,
281,Kirlia,Psychic,Fairy,Draining Kiss,Fairy,Psycho Cut,Psychic,-,-,3,5+,Gardevoir/Gallade,vvv,,Teleport,-,Blue,,Green,Yes,
294,Loudred,Normal,-,Crunch,Dark,Sing,Normal,-,-,3,5+,,,,Versatile,-,Blue,,,,
303,Mawile,Steel,Fairy,Moonblast,Fairy,Iron Head,Steel,Fire Fang,Fire,4,6+,,,Mega,-,-,Blue,,,,
329,Vibrava,Ground,Dragon,Dragon Breath,Dragon,Mud Slap,Ground,-,-,3,5+,,,,Fly,-,Blue,,,,
345,Lileep,Rock,Grass,Ancient Power,Rock,Power Whip,Grass,-,-,4,6+,,,,Pick Up,-,Blue,Fossil,,,
356,Dusclops,Ghost,-,Shadow Punch,Ghost,Ice Punch,Ice,-,-,3,5+,,,,Flash,Versatile,Blue,,,,
359,Absol,Dark,-,Knock Off,Dark,Slash,Normal,-,-,4,6+,,,Mega,Cut,Fly,Blue,,,,
362,Glalie (M),Ice,Rock,Deep Freeze,Ice,Stone Edge,Rock,-,-,4,No,,,,-,-,Blue,,,,
362,Glalie,Ice,-,Icicle Spear,Ice,Rollout,Rock,-,-,4,6+,,,,-,-,Blue,,,,
402,Kricketune,Bug,-,Hyper Voice,Normal,Bug Buzz,Bug,-,-,4,6+,,,,Cut,-,Blue,,,,
404,Luxio,Electric,Dark,Thunderbolt,Electric,Night Slash,Dark,-,-,3,5+,,,,Flash,-,Blue,,,,
478,Froslass,Ice,Ghost,Cold Snap,Ice,Hex,Ghost,-,-,4,6+,,,,-,-,Blue,,,,
494,Victini,Fire,Fairy,Lucky Chant,Fairy,V-Create,Fire,-,-,5,8+,,,,Flash,-,Blue,Wanderer,,,
505,Watchog,Normal,-,Hypnosis,Psychic,Mud Slap,Ground,-,-,3,5+,,,,Pick Up,Versatile,Blue,,,,
507,Herdier,Normal,-,Thunder Fang,Electric,Body Slam,Normal,-,-,3,5+,,,,Flash,-,Blue,,,,
529,Drilbur,Ground,-,Metal Claw,Steel,Drill Run,Ground,-,-,3,5+,Excadrill,2,,-,-,Blue,,Green,,
533,Gurdurr,Fighting,-,Girder Smack,Steel,Rock Smash,Figthing,-,-,3,5+,,,,Strength,-,Blue,,,,
541,Swadloon,Bug,Grass,Grass Whistle,Grass,Steamroller,Bug,-,-,3,5+,Leavanny,2,,Cut,-,Blue,,,,
560,Scrafty,Dark,Fighting,Sucker Punch,Dark,Force Palm,Fighting,-,-,4,6+,,,,Strength,-,Blue,,,,
563,Cofagrigus,Ghost,Psychic,Disorient,Psychic,Hex,Ghost,-,-,4,6+,,,,Strength,-,Blue,,,,
570,Zorua,Dark,-,Foul Play,Dark,Revenge,Figthing,-,-,3,5+,,,,Flash,-,Blue,,,,
570,Zorua (R),Normal,Ghost,Night Shade,Ghost,Sing,Normal,-,-,3,5+,,,,Flash,-,Blue,,,,
578,Duosion,Psychic,-,Mega Drain,Grass,Psywave,Psychic,-,-,3,5+,,,,Cut,Flash,Blue,,,,
608,Lampent,Ghost,Fire,Hex,Ghost,Flamethrower,Fire,-,-,3,5+,Chandelure,2 + Dusk Stone,,Flash,-,Blue,,,,
611,Fraxure,Dragon,-,Dragon Rush,Dragon,Low Kick,Fighting,-,-,3,5+,Haxorus,2,,Strength,-,Blue,,,,
615,Cryogonal,Ice,-,Thunderbolt,Electric,Ice Beam,Ice,-,-,3,5+,,,,Flash,-,Blue,,,,
622,Golett,Ground,Ghost,Shadow Punch,Ghost,Loam Toss,Ground,-,-,3,5+,,,,-,-,Blue,,,,
624,Pawniard,Dark,Steel,Fury Cutter,Bug,Metal Claw,Steel,-,-,3,5+,Bisharp,3,,Cut,-,Blue,,,,
674,Pancham,Fighting,-,Revenge,Fighting,Headbutt,Normal,-,-,3,5+,,,,-,-,Blue,,,,
696,Tyrunt,Rock,Dragon,Chomp,Dragon,Ancient Power,Rock,-,-,4,6+,Tyrantrum,2,,Strength,-,Blue,Fossil,,,
698,Amaura,Rock,Ice,Aurora Beam,Ice,Ancient Power,Rock,-,-,4,6+,,,,Ride,-,Blue,Fossil,,,
705,Sliggoo,Dragon,-,Dragon Breath,Dragon,Water Pulse,Water,-,-,4,6+,,,,Surf,-,Blue,,,,
705,Sliggoo (R),Dragon,Steel,Dragon Breath,Dragon,Shelter,Steel,-,-,4,6+,,,,Flash,-,Blue,,,,
709,Trevenant,Grass,Ghost,Specter Strike,Ghost,Forest's Curse,Grass,Will-O-Wisp,Fire,4,6+,,,,Cut,Strength,Blue,Stone,Blue,Yes,
712,Bergmite,Ice,-,Frost Breath,Ice,Headbutt,Normal,-,-,3,5+,,,,-,-,Blue,,,,
719,Diancie,Rock,Fairy,Lucky Chant,Fairy,Power Gem,Rock,Calm Mind,Psychic,5,8+,,,,Flash,Healer,Blue,Wanderer,,,
720,Hoopa,Psychic,Ghost,Shadowmeld,Ghost,Disorient,Psychic,Nasty Plot,Dark,6,8+,,,,Teleport,-,Blue,Wanderer,,,
726,Torracat,Fire,-,Feint Attack,Dark,Fire Fang,Fire,-,-,3,5+,,,,Pick Up,-,Blue,,,,
735,Gumshoos,Normal,-,Super Fang,Normal,Foul Play,Dark,-,-,3,5+,,,,Pick Up,Versatile,Blue,,,,
793,Nihilego,Rock,Poison,Neurotoxin,Poison,Mineral Blast,Rock,-,-,5,8+,,,,Antidote,Versatile,Blue,Wanderer,,,
822,Corvisquire,Flying,-,Metal Claw,Steel,Drill Peck,Flying,-,-,3,5+,Corviknight,2,,Fly,-,Blue,,,,
832,Dubwool,Normal,-,Body Slam,Normal,Bounce,Flying,-,-,3,5+,,,,Ride,Strength,Blue,,,,
836,Boltund,Electric,-,Charm,Fairy,Spark,Electric,-,-,3,5+,,,,Dig,Flash,Blue,,,,
854,Sinistea,Ghost,-,Confuse Ray,Ghost,Mega Drain,Grass,-,-,3,5+,,,,Flash,-,Blue,,,,
860,Morgrem,Dark,Fairy,Draining Kiss,Fairy,Lash Out,Dark,-,-,3,5+,Grimmsnarl,2,,-,-,Blue,,,,
867,Runerigus,Ghost,Rock,Rune Beam,Rock,Hex,Ghost,-,-,4,6+,,,,Strength,-,Blue,,,,
922,Pawmo,Electric,Fighting,Thunder Punch,Electric,Karate Chop,Fighting,-,-,3,5+,,,,Flash,Strength,Blue,,,,
943,Mabosstiff,Dark,-,Body Slam,Normal,Snarl,Dark,-,-,3,5+,,,,Dig,Pick Up,Blue,,,,
958,Tinkatuff,Fairy,Steel,Moonblast,Fairy,Metal Claw,Steel,-,-,4,6+,,,,-,-,Blue,,,,
F009,Glocto,Water,Fire,Bubble Beam,Water,Sizzle,Fire,-,-,3,5+,Lavoon,2,,Surf,-,Blue,,Green,,
F017,Lupreez,Ice,Dark,Snow Flurry,Ice,Feint Attack,Dark,-,-,3,5+,,,,Pick Up,-,Blue,,,,
12,Butterfree,Bug,Flying,Bug Buzz,Bug,Aerial Ace,Flying,Psyshock,Psychic,3,5+,Butterfree,-,Mega,-,-,Green,,Green,Yes,
15,Beedrill,Bug,Poison,X-Scissor,Bug,Poison Jab,Poison,Venoshock,Poison,3,5+,Beedrill,-,Mega,-,-,Green,,Green,Yes,
25,Pikachu,Electric,-,Thunder Shock,Electric,Iron Tail,Steel,-,-,3,5+,Raichu/Raichu(R),vvv,,Flash,-,Green,,Green,Yes,
35,Clefairy,Fairy,-,Charm,Fairy,Body Slam,Normal,-,-,3,5+,Clefable,2 + Moon Stone,,Teleport,-,Green,,Green,,
37,Vulpix,Fire,Fairy,Disarming Voice,Fairy,Ember,Fire,-,-,2,4+,Ninetails,3,Ice Stone,Flash,-,Green,,,,
37,Vulpix (R),Ice,Fairy,Disarming Voice,Fairy,Powder Snow,Ice,-,-,2,4+,Ninetails (R),3,Fire Stone,Flash,-,Green,,Pink,,
39,Jigglypuff,Normal,Fairy,Sing,Normal,Charm,Fairy,-,-,3,5+,Wigglytuff/Gigglybuff,2 + Moon Stone,,Flash,-,Green,,Green,Yes,
43,Oddish,Grass,Poison,Absorb,Grass,Poison Powder ,Poison,-,-,2,4+,Gloom,1,,Cut,-,Green,,Pink,Yes,
50,Diglett (R),Ground,Steel,Iron Defense,Steel,Mud Slap,Ground,-,-,2,4+,Dugtrio (R),,,Dig,-,Green,,,,
50,Diglett,Ground,-,Mud Slap,Ground,Astonish,Ghost,-,-,2,4+,Dugtrio,2,,Dig,-,Green,,Pink,,
52,Meowth,Normal,-,Pay Day,Normal,Bite,Dark,-,-,3,5+,Persian,2,,Pick Up,-,Green,,Pink,Yes,
52,Meowth (R),Dark,-,Fury Swipes,Normal,Snatch,Dark,-,-,3,5+,Persian,2,,Pick Up,-,Green,,Pink,Yes,
52,Meowth (R2),Steel,-,Bullet Punch,Steel,Accelerock,Rock,-,-,3,5+,Persian,2,,Pick Up,-,Green,,Pink,Yes,
54,Psyduck,Water,-,Confusion,Psychic,Disable,Normal,-,-,2,4+,Golduck,3,,Surf,-,Green,,,,
56,Mankey,Fighting,-,Focus Energy,Normal,Low Kick,Fighting,-,-,2,4+,Primape,2,,-,-,Green,,,,
58,Growlithe,Fire,-,Ember,Fire,Bite,Dark,-,-,2,4+,Arcanine,3 + Fire Stone,,Flash,-,Green,,Pink,,
58,Growlithe (R),Fire,Rock,Accelerock,Rock,Ember,Fire,-,,2,4+,,,,Flash,-,Green,,,,
63,Abra,Psychic,-,Teleport,Psychic,Headbutt,Normal,-,-,2,4+,Kadabra,1,,Teleport,-,Green,,,,
66,Machop,Fighting,-,Karate Chop,Fighting,Focus Energy,Normal,-,-,2,4+,Machoke,2,,-,-,Green,,Pink,,
69,Bellsprout,Grass,Poison,Branch Poke,Grass,Sludge,Poison,-,-,2,4+,Weepinbell,1,Fire Stone,Antidote,Cut,Green,,,,
69,Bellsprout (R),Grass,Fire,Branch Poke,Grass,Sizzle,Fire,-,-,2,4+,Weepinbell (R),1,Leaf Stone,Cut,Flash,Green,,Pink,,
79,Slowpoke,Water,Psychic,Confusion,Psychic,Water Gun,Water,-,-,2,4+,Slobro/Slowking,vvv,,Teleport,-,Green,,Pink,,
79,Slowpoke (R),Psychic,-,Confusion,Psychic,Headbutt,Normal,-,-,2,4+,Slobro/Slowking,vvv,,Teleport,-,Green,,Pink,,
81,Magnemite,Electric,Steel,Thunder Shock,Electric,Iron Defense,Steel,-,-,2,4+,Magneton,1,,Flash,-,Green,,,,
83,Farfetch'd,Flying,Normal,Air Cutter,Flying,Leaf Blade,Grass,-,-,3,5+,Sir Fetch'd,2,,Cut,Fly,Green,,Green,Yes,
83,Farfetch'd,Flying,Fighting,Air Cutter,Flying,Karate Chop,Fighting,-,-,3,5+,Sir Fetch'd,2,,Cut,Fly,Green,,Green,Yes,
86,Seel,Water,-,Aurora Beam,Ice,Aqua Jet,Water,-,-,3,5+,Dewgong,1,,Surf,-,Green,,,,
90,Shellder,Water,-,Clamp,Water,Ice Shard,Ice,-,-,2,4+,Cloyster,2 + Water Stone,,Surf,-,Green,,Pink,,
92,Gastly,Ghost,Poison,Smog,Poison,Hex,Ghost,-,-,2,4+,Haunter,1,,Teleport,-,Green,,,,
92,Gastly (R),Dragon,Psychic,Dragon Tail,Dragon,Amnesia,Psychic,-,-,2,4+,,,,Teleport,-,Green,,,,
95,Onix,Rock,Ground,Rockslide,Rock,Bind,Normal,-,-,2,4+,Steelix,3 + Iron Stone,,Dig,Strength,Green,,Pink,,
96,Drowzee,Psychic,-,Foul Play,Dark,Hynosis,Psychic,-,-,2,4+,Hypno,2,,Flash,Teleport,Green,,,,
98,Krabby,Water,-,Vice Grip,Normal,Clamp,Water,-,-,2,4+,Kingler,2,,Surf,-,Green,,,,
108,Lickitung,Normal,-,Bind,Normal,Lick,Ghost,-,-,3,5+,-,-,,Surf,-,Green,,,Yes,
120,Staryu,Water,-,Confusion,Psychic,Bubble,Water,-,-,2,4+,Starmie,3 + Water Stone,,Surf,-,Green,,,,
122,Mr. Mime,Psychic,Fairy,Barrier,Psychic,Mimic,Normal,-,-,3,5+,Mr.Rime,2,,Teleport,-,Green,,Green,,
122,Mr. Mime (R),Ice,Fairy,Charm,Fairy,Mimic,Normal,-,-,3,5+,Mr.Rime,2,,Teleport,-,Green,,Green,,
133,Eevee,Normal,-,Quick Attack,Normal,Bite,Dark,-,-,3,5+,Refer Evolution,,,-,-,Green,Gift,,,
137,Porygon,Normal,-,Tri-Attack,Normal,Conversion,Normal,-,-,3,5+,Porygon2,2,,-,-,Green,,Green,Yes,
147,Dratini,Dragon,-,Wrap,Normal,Twister,Dragon,-,-,2,4+,Dragonair,2,,Flash,-,Green,,Pink,,
182,Marill,Water,Fairy,Water Gun,Water,Rollout,Rock,-,-,3,5+,Azumarill,2,,Surf,-,Green,,Green,Yes,
218,Slugma,Fire,-,Accelerock,Rock,Sizzle,Fire,-,-,2,4+,,,,Flash,-,Green,,,,
225,Delibird,Ice,Flying,Present,Normal,Peck,Flying,-,-,3,5+,,,,Fly,-,Green,,,,
238,Smoochum,Ice,Psychic,Powder Snow,Ice,Psykiss,Psychic,-,-,2,4+,Jynx,2,,Flash,Teleport,Green,,Pink,,
239,Elekid,Electric,-,Electrocute,Electric,Leer,Normal,-,-,2,4+,Electabuzz,2,,Flash,-,Green,,Pink,,
240,Magby,Fire,-,Sizzle,Fire,Smokescreen,Normal,-,-,2,4+,Magmar,2,,Flash,-,Green,,Pink,,
246,Larvitar,Rock,Ground,Rock Throw,Rock,Scratch,Normal,-,-,2,4+,Pupitar,2,,Dig,-,Green,,Pink,,
285,Shroomish,Grass,-,Sleep Powder,Grass,Headbutt,Normal,-,,2,4+,,,,Cut,-,Green,,,,
304,Aron,Steel,Rock,Pebble Toss,Rock,Iron Defense,Steel,-,-,2,4+,,,,-,-,Green,,,,
309,Electrike,Electric,-,Thunder Shock,Electric,Bite,Dark,-,-,2,4+,,,,Flash,Pick Up,Green,,,,
331,Cacnea,Grass,-,Feint Attack,Dark,Absorb,Grass,-,-,2,4+,,,,-,-,Green,,,,
333,Swablu,Normal,Flying,Peck,Flying,Twister,Dragon,-,-,2,4+,,,,Fly,-,Green,,,,
343,Baltoy,Ground,Psychic,Psywave,Psychic,Mud Slap,Ground,-,-,3,5+,Claydol,3,,Teleport,-,Green,,Green,Yes,
353,Shuppet,Ghost,-,Shadow Sneak,Ghost,Snatch,Dark,-,-,3,5+,,,,Pick Up,Versatile,Green,,,,
360,Wynaut,Psychic,-,Charm,Fairy,Splash,Normal,-,,3,5+,,,,Teleport,-,Green,,,,
361,Snorunt,Ice,-,Powder Snow,Ice,Headbutt,Normal,-,-,2,4+,,,,-,-,Green,,,,
371,Bagom,Dragon,-,Dragon Tail,Dragon,Headbutt,Normal,-,-,2,4+,,,,-,-,Green,,,,
374,Beldum,Steel,Psychic,Iron Defense,Steel,Headbutt,Normal,-,-,2,4+,Metang,2,,Teleport,-,Green,,Pink,,
425,Drifloon,Ghost,Flying,Shadow Sneak,Ghost,Aerial Ace,Flying,-,-,3,5+,Drifblim,2,,Fly,-,Green,,Green,Yes,
443,Gible,Dragon,Ground,Twister,Dragon,Sand Attack,Ground,-,-,2,4+,Gabite,2,,Dig,-,Green,,Pink,,
447,Riolu,Fighting,-,Karate Chop,Fighting,Metal Claw,Steel,-,,3,5+,,,,Strength,-,Green,,,,
459,Snover,Grass,Ice,Log Swing,Grass,Powder Snow,Ice,-,-,2,4+,,,,Cut,-,Green,,,,
543,Venipede,Bug,Poison,Venom Stab,Poison,Struggle Bug,Bug,-,-,2,4+,,,,Antidote,Cut,Green,,,,
551,Sandile,Ground,Dark,Burrow,Ground,Bite,Dark,-,-,2,4+,,,,Dig,Pick Up,Green,,,,
557,Dwebble,Bug,Rock,Fury Cutter,Bug,Withdraw,Water,-,-,2,4+,Crustle,3,,Cut,-,Green,,,,
592,Frillish (Male),Water,Ghost,Water Pulse,Water,Hex,Ghost,-,-,3,5+,Jellicent,3,,Surf,-,Green,,Green,Yes,
592,Frillish (Female),Water,Fairy,Draining Kiss,Fairy,Bubble Beam,Water,-,-,3,5+,Jellicent,3,,Surf,-,Green,,Green,Yes,
595,Joltik,Bug,Electric,Struggle Bug,Bug,Spark,Electric,-,-,2,4+,,,,-,-,Green,,,,
597,Ferroseed,Grass,Steel,Leech Seed,Grass,Magnet Bomb,Steel,-,-,3,5+,,,,Cut,Dig,Green,,,,
613,Cubchoo,Ice,-,Powder Snow,Ice,Pound,Normal,-,-,3,5+,,,,-,-,Green,,,,
633,Deino,Dark,Dragon,Focus Energy,Normal,Bite,Dark,-,-,2,4+,Zweilous,2,,-,-,Green,,Pink,,
679,Honedge,Steel,Ghost,Shadow Sneak,Ghost,Iron Defense,Steel,-,-,2,4+,,,,-,-,Green,,,,
688,Binacle,Rock,Water,Accelerock,Rock,Withdraw,Water,-,-,2,4+,,,,Cut,Surf,Green,,,,
694,Helioptile,Electric,Dragon,Thunder Shock,Electric,Dragon Tail,Dragon,-,-,3,5+,Heliolisk,2 + Sun Stone,,Flash,-,Green,,Green,,
707,Klefki,Steel,Fairy,Magnet Bomb,Steel,Sweet Scent,Fairy,-,-,3,5+,,,,-,-,Green,,,,
736,Grubbin,Bug,-,Electrocute,Electric,Struggle Bug,Bug,-,-,2,4+,,,,Cut,-,Green,,,,
808,Meltan,Steel,-,Thunder Shock,Electric,Bullet Punch,Steel,-,-,2,4+,,,,Flash,-,Green,,,,
850,Sizzlipede,Fire,Bug,String Shot,Bug,Sizzle,Fire,-,-,2,4+,,,,Flash,-,Green,,,,
885,Dreepy,Dragon,Ghost,Astonish,Ghost,Twister,Dragon,-,-,2,4+,,,,Flash,-,Green,,,,
917,Tarountula,Bug,-,Defense Curl,Normal,String Shot,Bug,-,-,2,4+,,,,Cut,-,Green,,,,
940,Wattrel,Electric,Flying,Thunder Shock,Electric,Peck,Flying,-,-,2,4+,,,,Flash,Fly,Green,,,,
974,Cetoddle,Ice,-,Aurora Veil,Ice,Headbutt,Normal,-,-,2,4+,,,,Surf,-,Green,,,,
996,Frigibax,Dragon,Ice,Twister,Dragon,Icy Wind,Ice,-,-,2,4+,,,,-,-,Green,,,,
999,Gimmighoul (Roaming),Ghost,-,Bullet Punch,Steel,Pay Day,Normal,-,-,2,4+,,,,Pick Up,-,Green,,,,
999,Gimmighoul (Chest),Ghost,-,Astonish,Ghost,Pay Day,Normal,-,-,2,4+,,,,Pick Up,-,Green,,,,
F012,Skarling,Steel,Flying,Iron Defense,Steel,Peck,Flying,-,-,2,4+,,,,-,-,Green,,Yellow,Yes,
F013,Fuzzweet,Dragon,Fairy,Dragon Rush,Dragon,Fairy Wind,Fairy,-,-,3,5+,,,,-,-,Green,,,,
F021,Bongecko,Grass,Fire,Sizzle,Fire,Vine Whip,Grass,-,-,2,4+,,,,-,-,Green,,,,
3,Venusaur (M),Grass,Poison,Giga Drain,Grass,Sludge Wave,Poison,Earthquake,Ground,5,No,Venusaur,-,Mega,Cut,Strength,Mega,Mega,,,
6,Charizard (M),Fire,Dragon,Stone Edge,Rock,Overheat,Fire,Dragon Dance,Dragon,5,No,Charizard,-,Mega,Fly,Strength,Mega,Mega,,,
9,Blastoise (M),Water,Steel,Tri-Cannon,Steel,Liquidation,Water,Ice Beam,Ice,5,No,Blastoise,-,Mega,Surf,Strength,Mega,Mega,,,
12,Butterfree (M),Bug,Psychic,Signal Beam,Bug,Hurricane,Flying,Psyshock,Psychic,3,No,Butterfree,-,Mega,-,-,Mega,Mega,,,
15,Beedrill (M),Bug,Poison,Twineedle,Bug,Toxic,Poison,Venoshock,Poison,3,No,Beedrill,-,Mega,-,-,Mega,Mega,,,
18,Pidgeot (M),Flying,-,Hurricane,Flying,Agility,Psychic,U-Turn,Bug,5,No,Pigeot,-,Mega,Fly,-,Mega,Mega,,,
65,Alakazam (M),Psychic,-,Future Sight,Psychic,Shadow Ball,Ghost,Signal Beam,Bug,5,No,,-,Mega,Teleport,-,Mega,Mega,,,
94,Gengar (M),Ghost,Poison,Shadow Force,Ghost,Focus Blast,Fighting,Sucker Punch,Dark,6,No,,-,Mega,Teleport,-,Mega,Mega,,,
94,Gengar (RM),Dragon,Psychic,Final Gambit,Fighting,Glaive Rush,Dragon,Calm Mind,Psychic,6,No,,,,Teleport,-,Mega,Mega,,,
115,Kangaskhan (M),Normal,-,Fire Punch,Fire,Ice Punch,Ice,???,-,4,No,-,-,Mega,Surf,-,Mega,Mega,,,
127,Pinsir (M),Bug,Flying,Skitter Smack,Bug,Brave Bird,Flying,Submission,Fighting,4,No,,,,Cut,Fly,Mega,Mega,,,
130,Gyarados (M),Water,Dragon,Tectonic Rage,Rock,Aqua Tail,Water,Dragon Dance,Dragon,4,No,,,Mega,Strength,Surf,Mega,Mega,,,
131,Lapras (M),Water,Ice,Hydro Pump,Water,Blizzard,Ice,Dazzling Gleam,Fairy,4,No,,,Mega,Surf,-,Mega,Mega,,,
142,Aerodactyl (M),Rock,Flying,Rock Wrecker,Rock,Brave Bird,Flying,Ice Fang,Ice,4,No,,,Mega,Fly,-,Mega,Mega,,,
149,Dragonite (M),Dragon,-,Focus Blast,Fighting,Drake Flare,Dragon,King's Shield,Steel,7,No,,,,Fly,Strength,Mega,No,Red,,
181,Ampharos (M),Electric,Dragon,Dragon Pulse,Dragon,Gigavolt,Electric,Dragon Dance,Dragon,5,No,,,Mega,Flash,-,Mega,Mega,,,
208,Steelix (M),Steel,Ground,Landslide,Ground,Brick Break,Fighting,Autotomize,Steel,5,No,,,,Dig,Strength,Mega,Mega,,,
212,Scizor (M),Bug,Steel,Superpower,Fighting,U-Turn,Bug,Swords Dance,-,6,No,,,,Cut,Strength,Mega,Mega,,,
227,Skarmory (M),Steel,Ghost,Specter Strike,Ghost,Corkscrew,Steel,Roost,Flying,5,No,,,,Fly,-,Mega,,Yellow,Yes,
229,Houndoom (M),Dark,Fire,Sucker Punch,Dark,Overheat,Fire,Stone Edge,Rock,4,No,,,,Flash,Pick Up,Mega,,,,
232,Donphan (M),Ground,Fighting,Earthquake,Ground,Brick Break,Fighting,Head Smash,Rock,5,No,,,,Strength,-,Mega,,,,
248,Tyranitar (M),Rock,Dark,Seismic Toss,Fighting,Rockfall,Rock,Stomping Tantrum,Ground,7,No,,,Mega,Dig,Strength,Mega,Mega,,,
254,Sceptile (M),Grass,Dragon,Giga Drain,Grass,Landslide,Ground,Dragon Dance,Dragon,5,No,,,Mega,Cut,Strength,Mega,Mega,,,
257,Blaziken (M),Fire,Fighting,Hi-Jump Kick,Fighting,Fire Spin,Fire,Stone Edge,Rock,5,No,,,Mega,Flash,Strength,Mega,Mega,,,
260,Swampert (M),Water,Ground,Stormsurge,Water,Sand Tomb,Ground,Drain Punch,Fighting,5,No,,,Mega,Strength,Surf,Mega,Mega,,,
282,Gardevoir (M),Psychic,Fairy,Cosmic Power,Psychic,Faerie Fire,Fairy,Thunder Bolt,Electric,5,No,,,Mega,Flash,Teleport,Mega,Mega,,,
302,Sableye (M),Dark,Ghost,Sucker Punch,Dark,Mirror Coat,Psychic,Protect,Normal,5,No,,,,Flash,Pick Up,Mega,,,,
303,Mawile (M),Steel,Fairy,Corkscrew,Steel,Play Rough,Fairy,Fire Fang,Fire,4,No,,,Mega,-,-,Mega,Mega,,,
306,Aggron (M),Steel,-,Bastion,Steel,Earthquake,Ground,Focus Blast,Fighting,6,No,,,,Ride,Strength,Mega,,,,
310,Manectric (M),Electric,-,Wild Charge,Electric,Fire Fang,Fire,Extreme Speed,Normal,4,No,,,,Flash,Pick Up,Mega,,,,
330,Flygon (M),Ground,Dragon,Scorching Sands,Ground,Drake Flare,Dragon,-,-,5,No,,,,Fly,-,Mega,,,,
334,Altaria (M),Dragon,Fairy,Strange Stream,Fairy,Dragon Pulse,Dragon,-,-,5,No,,,,Fly,-,Mega,Mega,,,
354,Banette (M),Ghost,Dark,Spirit Shackle,Ghost,Sucker Punch,Dark,Calm Mind,Psychic,5,No,,,,Pick Up,Versatile,Mega,,,,
359,Absol (M),Dark,-,Dual Wingbeat,Flying,Hone Claws,Dark,-,-,4,No,,,Mega,Cut,-,Mega,Mega,,,
373,Salamence (M),Dragon,Flying,Breaking Swipe,Dragon,Dual Wingbeat,Flying,Extreme Speed,Normal,7,No,,,,Fly,-,Mega,,,,
376,Metagross (M),Steel,Psychic,Tectonic Rage,Rock,Psychic,Psychic,Earthquake,Ground,7,No,,,Mega,Teleport,-,Mega,Mega,,,
428,Lopunny (M),Normal,Fighting,Lucky Chant,Fairy,Triple Kick,Fighting,Swords Dance,Normal,4,No,,,,Pick Up,Strength,Mega,,,,
445,Garchomp (M),Dragon,Ground,Scorching Sands,Ground,Outrage,Dragon,Fire Fang,Fire,7,No,,,Mega,Dig,Strength,Mega,Mega,,,
448,Lucario (M),Fighting,Steel,Bone Rush,Ground,Cross Chop,Fighting,-,-,6,No,,,,Strength,-,Mega,,,,
460,Abomasnow (M),Grass,Ice,Needle Storm,Grass,Deep Freeze,Ice,-,-,4,No,,,,Cut,Strength,Mega,Mega,,,
475,Gallade (M),Psychic,Fighting,Zen Headbutt,Psychic,Counter,Fighting,Ice Punch,Ice,5,No,,,Mega,Strength,Teleport,Mega,Mega,,,
478,Froslass (M),Ice,Ghost,Aurora Wave,Ice,Specter Strike,Ghost,-,-,4,No,,,,-,-,Mega,Mega,,,
558,Crustle (M),Bug,Rock,Rock Wrecker,Rock,X-Scissor,Bug,-,-,5,No,,,Mega,Cut,Strength,Mega,Mega,,,
709,Trevenant (M),Grass,Ghost,Spirit Shackle,Ghost,Horn Leech,Grass,Will-O-Wisp,Fire,4,No,,,,Cut,Strength,Mega,Mega,,,
719,Diancie (M),Rock,Fairy,Starfall,Fairy,Rockfall,Rock,Calm Mind,Psychic,5,No,,,,Flash,Healer,Mega,,,,
720,Hoopa (M),Psychic,Dark,Mystic Beam,Psychic,Cross Chop,Fighting,Nasty Plot,Dark,6,No,,,,Teleport,Strength,Mega,,,,
X150,Mewtwo X,-,-,-,-,-,-,-,,7,No,,,,Strength,Teleport,Mega,,,,
X150,Mewtwo Y,-,-,-,-,-,-,-,,7,No,,,,Flash,Teleport,Mega,,,,
X382,Kyogre (M),-,-,-,-,-,-,-,-,7,No,,,,Surf,-,Mega,Mega,,,
X383,Groudon (M),-,-,-,-,-,-,-,-,7,No,,,,Strength,-,Mega,Mega,,,
X384,Rayquaza (M),-,-,-,-,-,-,-,-,7,No,,,,Fly,-,Mega,Mega,,,
X150,Mewtwo,-,-,-,-,-,-,-,-,7,8+,,,,Teleport,-,Orange,Legendary,,,
X249,Lugia,-,-,-,-,-,-,-,-,7,8+,,,,Fly,Surf,Orange,Legendary,,,
X250,Ho-Oh,-,-,-,-,-,-,-,-,7,8+,,,,Fly,Healer,Orange,Legendary,,,
X382,Kyogre,-,-,-,-,-,-,-,-,7,8+,,,,Surf,-,Orange,Legendary,,,
X383,Groudon,-,-,-,-,-,-,-,-,7,8+,,,,Strength,-,Orange,Legendary,,,
X384,Rayquaza,-,-,-,-,-,-,-,-,7,8+,,,,Fly,-,Orange,Legendary,,,
X386,Deoxys,-,-,-,-,-,-,-,-,7,8+,,,,Teleport,-,Orange,Legendary,,,
X386,Deoxys Attack,-,-,-,-,-,-,-,-,7,8+,,,,Teleport,-,Orange,Legendary,,,
X386,Deoxys Defense,-,-,-,-,-,-,-,-,7,8+,,,,Teleport,-,Orange,Legendary,,,
X386,Deoxys Speed,-,-,-,-,-,-,-,-,7,8+,,,,Teleport,-,Orange,Legendary,,,
X483,Dialga,-,-,-,-,-,-,-,-,7,8+,,,,Flash,Teleport,Orange,Legendary,,,
X484,Palkia,-,-,-,-,-,-,-,-,7,8+,,,,Surf,Teleport,Orange,Legendary,,,
X486,Regigigas,-,-,-,-,-,-,-,-,7,8+,,,,-,-,Orange,Legendary,,,
X487,Giratina,-,-,-,-,-,-,-,-,7,8+,,,,Fly,Strength,Orange,Legendary,,,
X487,Giratina Alt,-,-,-,-,-,-,-,-,7,8+,,,,Fly,Strength,Orange,Legendary,,,
X649,Genesect,-,-,-,-,-,-,-,-,7,8+,,,,-,-,Orange,Legendary,,,
X716,Xerneas,-,-,-,-,-,-,-,-,7,8+,,,,-,-,Orange,Legendary,,,
X717,Yveltal,-,-,-,-,-,-,-,-,7,8+,,,,Fly,-,Orange,Legendary,,,
X718,Zygarde,-,-,-,-,-,-,-,-,7,8+,,,,-,-,Orange,Legendary,,,
1,Bulbasaur,Grass,Poison,Absorb,Grass,Tackle,Normal,-,-,1,3+,Ivysaur,2,,Cut,-,Pink,Starter,,,
4,Charmander,Fire,-,Ember,Fire,Scratch,Normal,-,-,1,3+,Charmeleon,2,,-,-,Pink,Starter,,,
7,Squirtle,Water,-,Water Gun,Water,Tackle,Normal,-,-,1,3+,Wartortle,2,-,Surf,-,Pink,Starter,,,
10,Caterpie,Bug,-,String Shot,Bug,Leer,Normal,-,-,1,3+,Metapod,1,-,-,-,Pink,,,,
11,Metapod,Bug,-,Harden ,Normal,-,-,-,-,2,4+,Butterfree,1,-,-,-,Pink,,,,
13,Weedle,Bug,Poison,Poison Sting,Poison,String Shot,Bug,-,-,1,3+,Kakuna,1,-,-,-,Pink,,,,
14,Kakuna,Bug,Poison,Harden ,Normal,-,-,-,-,2,4+,Beedrill,1,-,-,-,Pink,,,,
16,Pidgey,Normal,Flying,Gust,Flying,Sand Attack,Ground,-,-,1,3+,Pidgeotto,2,-,Fly,-,Pink,Starter,,,
19,Rattata (R),Dark,Normal,Growl,Normal,Bite,Dark,-,-,1,3+,Raticate (R),2,Sun Stone,Dig,-,Pink,,,,
19,Rattata,Normal,-,Tail Whip,Normal,Bite,Dark,-,-,1,3+,Raticate,2,Moon Stone,Dig,-,Pink,,,,
21,Spearow,Flying,-,Leer,Normal,Gust,Flying,-,-,1,3+,Fearow,2,-,Fly,-,Pink,,,,
23,Ekans,Poison,-,Wrap,Normal,Poison Sting,Poison,-,-,1,3+,Arbok,2,,Antidote,Dig,Pink,,,,
27,Sandshrew (R),Ice,Steel,Powder Snow,Ice,Defense Curl,Normal,-,-,1,3+,Sandslash (R),2,Sun Stone,Cut,Dig,Pink,,,,
27,Sandshrew,Ground,-,Sand Attack,Ground,Fury Swipes,Normal,-,-,1,3+,Sandslash,2,Ice Stone,Cut,Dig,Pink,,,,
29,Nidoran ♀,Poison,-,Poison Sting,Poison,Double Kick,Fighting,-,-,1,3+,Nidorina,2,,-,-,Pink,,,,
32,Nidoran ♂,Poison,-,Poison Sting,Poison,Loam Toss,Ground,-,-,1,3+,Nidorino,2,,-,-,Pink,,,,
41,Zubat,Poison,Flying,Supersonic,Normal,Air Cutter,Flying,-,-,1,3+,Golbat,2,,Fly,-,Pink,,,,
46,Paras,Bug,Grass,Struggle Bug,Bug,Stun Spore,Grass,-,-,2,4+,Parasect,1,,Cut,-,Pink,,Pink,,
60,Poliwag,Water,-,Hypnosis ,Psychic,Aqua Jet,Water,-,-,2,4+,Poliwhirl,2,,Surf,-,Pink,,Pink,,
72,Tentacool,Water,Poison,Bubble,Water,Acid Spray,Poison,-,-,1,3+,Tentacruel,3,,Surf,-,Pink,,,,
74,Geodude (R),Rock,Electric,Rock Throw,Rock,Thunder Wave,Electric,-,-,1,3+,Graveler (R),3,Iron Stone,Flash,-,Pink,Starter,,,
74,Geodude,Rock,Ground,Defense Curl,Normal,Rock Throw,Rock,-,-,1,3+,Graveler,3,Thunder Stone,Dig,-,Pink,,,,
116,Horsea,Water,-,Smokescreen,Normal,Bubble,Water,-,-,2,4+,Seadra,2,,Surf,-,Pink,,,,
118,Goldeen,Water,-,Peck,Flying,Aqua Jet,Water,-,-,2,4+,Seaking,3,,Surf,-,Pink,,,,
129,Magikarp,Water,-,Fin Slap,Water,Splash,Normal,-,-,1,3+,Gyarados,3,,Surf,-,Pink,,,,
152,Chikorita,Grass,-,Leech Seed,Grass,Fairy Wind,Fairy,-,-,1,3+,,,,Cut,-,Pink,Starter,,,
161,Sentret,Normal,-,Disarming Voice,Fairy,Quick Attack,Normal,-,-,1,3+,,,,Pick Up,Versatile,Pink,,,,
163,Hoothoot,Flying,Normal,Air Cutter,Flying,Psykiss,Psychic,-,-,2,4+,,,,Fly,-,Pink,,,,
165,Ledyba,Bug,Fighting,Struggle Bug,Bug,Mach Punch,Fighting,-,-,2,4+,Ledian,2,,-,-,Pink,,,,
172,Pichu,Electric,-,Headbutt,Normal,Nuzzle,Electric,-,-,2,4+,Pikachu,1,,Flash,-,Pink,,Pink,,
173,Cleffa,Fairy,-,Sweet Kiss,Fairy,Tackle,Normal,-,-,2,4+,Clefable,1,,Teleport,-,Pink,,Pink,,
174,Igglybuff,Normal,Fairy,Defense Curl,Normal,Disarming Voice,Fairy,-,-,2,4+,Jigglypuff,2,,Flash,-,Pink,,Pink,,
175,Togepi,Fairy,-,Metronome,Normal,-,-,-,-,1,3+,,,,Flash,-,Pink,,,,
177,Natu,Psychic,Flying,Confusion,Psychic,Air Cutter,Flying,-,-,2,4+,Xatu,3,,Teleport,-,Pink,,Pink,,
179,Mareep,Electric,-,Cotton Guard,Grass,Thunder Shock,Electric,-,-,1,3+,Flaaffy,2,,Flash,-,Pink,Starter,,,
216,Teddiursa,Normal,-,Loam Toss,Ground,Headbutt,Normal,-,-,1,3+,,,,-,-,Pink,,,,
220,Swinub,Ice,Ground,Icy Wind,Ice,Tackle,Normal,-,-,1,3+,Piloswine,2,,-,-,Pink,Starter,,,
228,Houndour,Dark,Fire,Sizzle,Fire,Snatch,Dark,-,-,2,4+,,,,Flash,Pick Up,Pink,,,,
231,Phanpy,Ground,-,Mud Slap,Ground,Tackle,Normal,-,-,2,4+,,,,-,-,Pink,,,,
236,Tyrogue,Fighting,-,Mach Punch,Fighting,Tackle,Normal,-,-,2,4+,Hitmon(Chan/Lee/Top),vvv,,-,-,Pink,,Pink,Yes,
252,Treecko,Grass,-,Vine Whip,Grass,Scratch,Normal,-,-,1,3+,Grovyle,2,,Cut,-,Pink,Starter,,,
255,Torchic,Fire,-,Ember,Fire,Peck,Flying,-,-,1,3+,Combusken,2,,Flash,-,Pink,Starter,,,
258,Mudkip,Water,-,Bubble,Water,Headbutt,Normal,-,-,1,3+,Marshtomp,2,,Surf,-,Pink,Starter,,,
261,Poochyena,Dark,-,Bite,Dark,Tackle,Normal,-,-,2,4+,Mightyena,2,,-,-,Pink,,,,
280,Ralts,Psychic,Fairy,Disarming Voice,Fairy,Psykiss,Psychic,-,-,1,3+,Kirlia,2,,Teleport,-,Pink,Starter,,,
293,Whismur,Normal,-,Supersonic,Normal,Astonish,Ghost,-,-,1,3+,,,,Versatile,-,Pink,,,,
298,Azurill,Normal,Fairy,Tail Whip,Normal,Fairy Wind,Fairy,-,-,2,4+,Marill,1,,-,-,Pink,,,,
328,Tarpinch,Ground,-,Loam Toss,Ground,Bite,Dark,-,-,1,3+,,,,-,-,Pink,Starter,,,
355,Duskull,Ghost,-,Shadow Sneak,Ghost,Icy Wind,Ice,-,-,1,3+,,,,Flash,Versatile,Pink,,,,
401,Kricketot,Bug,-,Struggle Bug,Bug,Sing,Normal,-,-,2,4+,,,,Cut,-,Pink,,,,
403,Shinx,Electric,-,Spark,Electric,Bite,Dark,-,-,1,3+,,,,Flash,-,Pink,Starter,,,
427,Buneary,Normal,-,Quick Attack,Normal,Charm,Fairy,-,-,1,3+,,,,Pick Up,-,Pink,,,,
438,Bonsly,Rock,-,Focus Energy,Normal,Pebble Toss,Rock,-,-,2,4+,,,,-,-,Pink,,,,
439,Mime Jr.,Psychic,Fairy,Confusion,Psychic,Mimic,Normal,-,-,2,4+,Mr.Mime,1,,Teleport,-,Pink,,Pink,,
439,Mime Jr. (R),Ice,Fairy,Ice Shard,Ice,Mimic,Normal,-,-,2,4+,Mr.Mime,1,,Teleport,-,Pink,,Pink,,
440,Happiny,Normal,-,Sweet Kiss,Fairy,Defense Curl,Normal,-,-,2,4+,,,,Healer,-,Pink,,,,
446,Munchlax,Normal,-,Defense Curl,Normal,Amnesia,Psychic,-,-,2,4+,Snorlax,2,,Surf,-,Pink,,,,
453,Croagunk,Poison,Fighting,Venom Stab,Poison,Karate Chop,Fighting,-,-,2,4+,Toxicroak,3,,-,-,Pink,,,Yes,
504,Patrat,Normal,-,Sand Attack,Ground,Leer,Normal,-,-,1,3+,,,,Pick Up,Versatile,Pink,,,,
506,Lillipup,Normal,-,Thunder Wave,Electric,Tackle,Normal,-,-,1,3+,,,,Flash,-,Pink,Starter,,,
532,Timburr,Fighting,-,Double Kick,Fighting,Log Swing,Grass,-,-,1,3+,,,,-,-,Pink,Starter,,,
540,Sewaddle,Bug,Grass,String Shot,Bug,Absorb,Grass,-,-,1,3+,Swadloon,2,,Cut,-,Pink,,,,
559,Scraggy,Dark,Fighting,Headbutt,Normal,Snatch,Dark,-,-,2,4+,,,,-,-,Pink,,,,
562,Yamask (R),Ghost,Rock,Pebble Toss,Rock,Astonish,Ghost,-,-,2,4+,,,,-,-,Pink,,,,
562,Yamask,Ghost,Psychic,Psykiss,Psychic,Astonish,Ghost,-,-,2,4+,,,,-,-,Pink,,,,
577,Solosis,Psychic,-,Confusion,Psychic,Absorb,Grass,-,-,1,3+,,,,Cut,Flash,Pink,Starter,,,
607,Litwick,Ghost,Fire,Sizzle,Fire,Astonish,Ghost,-,-,1,3+,Lampent,2,,Flash,-,Pink,Starter,,,
610,Axew,Dragon,-,Dragon Tail,Dragon,Scratch,Normal,-,-,1,3+,Fraxure,2,,-,-,Pink,Starter,,,
629,Vullaby,Dark,Flying,Assurance,Dark,Peck,Flying,-,-,2,4+,Mandibuzz,3,,Fly,-,Pink,,Pink,Yes,
704,Goomy,Dragon,-,Bubble,Water,Twister,Dragon,-,-,1,3+,,,,-,-,Pink,Starter,,,
708,Phantump,Grass,Ghost,Branch Poke,Grass,Astonish,Ghost,-,-,2,4+,Trevenant,2 + Leaf Stone,,Cut,-,Pink,,Pink,,
725,Litten,Fire,-,Sizzle,Fire,Beat Up,Dark,-,-,1,3+,,,,Pick Up,-,Pink,Starter,,,
734,Yungoos,Normal,-,Tackle,Normal,Bite,Dark,-,-,1,3+,,,,Pick Up,Versatile,Pink,,,,
757,Salandit,Poison,Fire,Acid Splash,Poison,Sizzle,Fire,-,-,2,4+,,,,Dig,Flash,Pink,,,,
821,Rookidee,Flying,-,Peck,Flying,Leer,Normal,-,-,1,3+,Corvisquire,2,,Fly,-,Pink,Starter,,,
831,Wooloo,Normal,-,Cotton Guard,Grass,Defense Curl,Normal,-,-,1,3+,,,,-,-,Pink,,,,
835,Yamper,Electric,-,Electrocute,Electric,Tail Whip,Normal,-,-,1,3+,,,,Dig,Flash,Pink,,,,
859,Impidimp,Dark,Fairy,Lick,Ghost,Bite,Dark,-,-,1,3+,Morgrem,2,,-,-,Pink,Starter,,,
921,Pawmi,Electric,-,Tackle,Normal,Nuzzle,Electric,-,-,1,3+,,,,Flash,-,Pink,Starter,,,
942,Maschiff,Dark,-,Howl,Normal,Bite,Dark,-,-,1,3+,,,,Dig,Pick Up,Pink,,,,
957,Tinkatink,Fairy,Steel,Disarming Voice,Fairy,Bullet Punch,Steel,-,-,2,4+,,,,-,-,Pink,,,,
F016,Pupreez,Ice,-,Ice Shard,Ice,Snatch,Dark,-,-,1,3+,,,,Pick Up,-,Pink,,,,
F019,Snobbit,Ice,-,Powder Snow,Ice,Tackle,Normal,-,-,2,4+,,,,-,-,Pink,,,,
3,Venusaur,Grass,Poison,Ooze Blast,Poison,Petal Dance,Grass,Earthquake,Ground,5,7+,Venusaur,-,Mega,Cut,Strength,Red,,Yellow,,
6,Charizard,Fire,Flying,Heat Wave,Fire,Air Slash,Flying,Dragon Dance,Dragon,5,7+,Charizard,-,Mega,Fly,Strength,Red,,Yellow,,
9,Blastoise,Water,-,Hydro Pump,Water,Rock Tomb,Rock,Ice Beam,Ice,5,7+,Blastoise,-,Mega,Surf,Strength,Red,,Yellow,,
18,Pidgeot,Normal,Flying,Dust Devil,Ground,Brave Bird,Flying,U-Turn,Bug,5,7+,Pigeot,-,Mega,Fly,-,Red,,Yellow,,
31,Nidoqueen,Poison,Fighting,Ooze Blast,Poison,Detect,Fighting,-,-,5,7+,,-,,Strength,Surf,Red,Stone,Yellow,Yes,
34,Nidoking,Poison,Ground,Gastro Acid,Poison,Landslide,Ground,-,-,5,7+,,-,,Strength,Surf,Red,Stone,Yellow,Yes,
36,Clefable,Fairy,-,Moonblast,Fairy,Focus Blast,Fighting,-,-,5,7+,,-,,Teleport,-,Red,Stone,,,
40,Wigglytuff,Normal,Fairy,Play Rough,Fairy,Relic Song,Normal,-,-,5,7+,,-,,Flash,-,Red,Stone,,,
55,Golduck,Water,-,Hydro Cannon,Water,Psybeam,Psychic,-,-,5,7+,,-,,Surf,-,Red,,,,
62,Poliwrath,Water,Fighting,Superpower,Fighting,Liquidation,Water,-,-,6,7+,from Poliwhirl,2 + Water Stone,,Strength,Surf,Red,Stone,Red,,
65,Alakazam,Psychic,-,Kinesis,Psychic,Focus Blast,Fighting,Signal Beam,Bug,5,7+,,-,Mega,Teleport,-,Red,,Yellow,,
68,Machamp,Fighting,-,Seismic Toss,Fighting,Outrage,Dragon,-,-,6,7+,,-,,Strength,-,Red,,Red,,
71,Victreebel,Grass,Poison,Leaf Storm,Grass,Sludge Wave,Poison,-,-,6,7+,,-,Fire Stone,Antidote,Cut,Red,,,,
71,Victreebel (R),Grass,Fire,Solar Beam ,Grass,Fire Blast,Fire,-,-,6,7+,,-,Leaf Stone,Cut,Flash,Red,,,Yes,
76,Golem,Rock,Ground,Explosion,Normal,Rockfall,Rock,-,-,6,7+,,,Thunder Stone,Dig,Strength,Red,,Red,,
76,Golem (R),Rock,Electric,Zap Cannon,Electric,Rock Blast,Rock,-,-,6,7+,,,Iron Stone,Flash,Strength,Red,,Red,,
78,Rapidash,Fire,-,Heat Wave,Fire,Agility,Psychic,-,-,6,7+,,,Shiny Stone,-,-,Red,,,,
78,Rapidash (R),Fairy,-,Play Rough,Fairy,Agility,Psychic,-,-,6,7+,,,Fire Stone,-,-,Red,,,,
80,Slowbro,Water,Psychic,Zen Headbutt,Psychic,Scald,Water,Slack Off,Normal,5,7+,from Slowpoke,2,,Surf,Teleport,Red,,,,
80,Slowbro (R),Poison,Psychic,Ooze Blast,Poison,Zen Headbutt,Psychic,-,-,5,7+,from Slowpoke,2,,Surf,Teleport,Red,,,,
80,Slowbro (M),Water,Psychic,Foam Burst,Water,Bastion,Steel,Slack Off,Normal,5,7+,from Slowpoke,2,,Surf,Teleport,Red,,,,
87,Dewgong,Water,Ice,Aurora Wave,Ice,Aqua Tail,Water,-,-,5,7+,,-,,Surf,-,Red,Stone,,,
89,Muk,Poison,-,Ooze Blast,Poison,Bulldoze,Ground,-,-,5,7+,,-,,-,-,Red,,,,
89,Muk,Poison,Dark,Sucker Punch,Dark,Giga Drain,Grass,-,-,5,7+,,-,,-,-,Red,,,,
94,Gengar,Ghost,Poison,Ooze Blast,Poison,Shadow Ball,Ghost,Sucker Punch,Dark,6,7+,,-,Mega,Teleport,-,Red,Stone,,,
94,Gengar (R),Dragon,Psychic,Breaking Swipe,Dragon,Mystic Beam,Psychic,Calm Mind,Psychic,6,7+,,,,Teleport,-,Red,Stone,,,
101,Electrode,Electric,-,Thunder,Electric,Explosion,Normal,-,-,6,7+,,-,,Flash,-,Red,,Blue,,
101,Electrode (R),Electric,Grass,Thunder,Electric,Giga Drain,Grass,-,,6,7+,,,,Flash,-,Red,,,,
103,Exeggutor (R),Grass,Dragon,Dragon Hammer,Dragon,Wood Hammer,Grass,-,-,5,7+,from Exeggcute,2 + Sun Stone,Leaf Stone,Teleport,-,Red,Stone,Yellow,,
103,Exeggutor,Grass,Psychic,Solar Beam ,Grass,Psyshock,Psychic,-,-,5,7+,from Exeggcute,2 + Leaf Stone,Sun Stone,Teleport,-,Red,Stone,,Yes,
110,Weezing,Poison,-,Gastro Acid,Poison,Flamethrower,Fire,-,-,5,7+,,-,,Flash,-,Red,,,,
110,Weezing,Poison,Fairy,Strange Stream,Fairy,Corrosive Gas,Poison,-,,5,7+,,,,Flash,-,Red,,,,
139,Omastar,Rock,Water,Razor Shell,Water,Rock Blast,Rock,-,-,6,7+,,,,Surf,-,Red,Fossil,,,
141,Kabutops,Rock,Bug,X-Scissor,Bug,Rockfall,Rock,-,-,6,7+,,,,Surf,-,Red,Fossil,,,
144,Articuno (R),Psychic,Flying,Hurricane,Flying,Mirror Coat,Psychic,-,-,7,8+,,,,Flash,Fly,Red,Wanderer,,,
144,Articuno,Ice,Flying,Aurora Wave,Ice,Hurricane,Flying,-,-,7,8+,,,,Flash,Fly,Red,Wanderer,,,
145,Zapdos (R),Fighting,Flying,Dual Wingbeat,Flying,Hi-Jump Kick,Fighting,-,-,7,8+,,,,Flash,Fly,Red,Wanderer,,,
145,Zapdos,Electric,Flying,Dual Wingbeat,Flying,Zap Cannon,Electric,-,-,7,8+,,,,Flash,Fly,Red,Wanderer,,,
146,Moltres (R),Dark,Flying,Hone Claws,Dark,Sky Attack,Flying,-,-,7,8+,,,,Flash,Fly,Red,Wanderer,,,
146,Moltres,Fire,Flying,Sky Attack,Flying,Heat Wave,Fire,-,-,7,8+,,,,Flash,Fly,Red,Wanderer,,,
149,Dragonite,Dragon,Flying,Draco Meteor,Dragon,Tailwind,Flying,???,-,7,8+,,,,Fly,Strength,Red,No,Red,,
154,Meganium,Grass,-,Strange Stream,Fairy,Aromatherapy,Grass,-,-,5,7+,,,,Cut,Healer,Red,,,,
178,Xatu,Psychic,Flying,Disorient,Psychic,Hurricane,Flying,-,-,6,7+,,,,Fly,Teleport,Red,,Yellow,Yes,
181,Ampharos,Electric,-,Parabolic Charge,Electric,Signal Beam,Bug,Dragon Dance,Dragon,5,7+,,,Mega,Flash,-,Red,,Yellow,,
186,Politoad,Water,-,Hypnotize,Psychic,Flip Turn,Water,-,-,6,7+,from Poliwhirl,2 + Dawn Stone,,Flash,Surf,Red,Stone,Red,,
205,Forretress,Bug,Steel,Flash Cannon,Steel,Explosion,Normal,-,,6,7+,,,,Flash,-,Red,,,,
210,Granbull,Fairy,-,Thunder Fang,Electric,Play Rough,Fairy,-,-,6,7+,,,,-,-,Red,,Red,,
212,Scizor,Bug,Steel,Steel Wing,Steel,Fell Stinger,Bug,Swords Dance,-,6,7+,,,,Cut,Strength,Red,Stone,Red,,
230,Kingdra,Water,Dragon,Hydro Pump,Water,Dragon Pulse,Dragon,-,-,6,7+,,,,Surf,-,Red,,,,
232,Donphan,Ground,-,Bulldoze,Ground,Slam,Normal,Head Smash,Rock,5,7+,,,,Strength,-,Red,,,,
242,Blissey,Normal,-,Play Rough,Fairy,Egg Bomb,Normal,-,-,6,7+,,,,Healer,-,Red,,,,
248,Tyranitar,Rock,Dark,Tectonic Rage,Rock,Dark Pulse,Dark,Stomping Tantrum,Ground,7,8+,,,Mega,Dig,Strength,Red,No,Red,,
254,Sceptile,Grass,-,Razor Wind,Normal,Leaf Storm,Grass,Dragon Dance,Dragon,5,7+,,,Mega,Cut,Strength,Red,,Yellow,,
257,Blaziken,Fire,Fighting,Drain Punch,Fighting,Flare Blitz,Fire,Stone Edge,Rock,5,7+,,,Mega,Flash,Strength,Red,,Yellow,,
260,Swampert,Water,Ground,Hydro Cannon,Water,Earth Power,Ground,Drain Punch,Fighting,5,7+,,,Mega,Strength,Surf,Red,,Yellow,,
282,Gardevoir,Psychic,Fairy,Moonblast,Fairy,Psychic,Psychic,Thunder Bolt,Electric,5,7+,from Kirlia,2 + Shiny Stone,Mega,Flash,Teleport,Red,Stone,,,
295,Exploud,Normal,-,Thunder Fang,Electric,Hyper Voice,Normal,-,-,5,7+,,,,Versatile,-,Red,,,,
306,Aggron,Steel,Rock,Head Smash,Rock,Iron Head,Steel,Focus Blast,Fighting,6,7+,,,,Ride,Strength,Red,,,,
330,Flygon,Ground,Dragon,Thunderbolt,Electric,Earth Power,Ground,-,-,5,7+,,,,Fly,-,Red,,,,
344,Claydol,Ground,Psychic,Cosmic Power,Psychic,Earth Power,Ground,-,-,6,7+,,,,Teleport,-,Red,,Red,,
346,Cradily,Rock,Grass,Tectonic Rage,Rock,Solar Beam,Grass,-,-,6,7+,,,,Pick Up,-,Red,Fossil,,,
373,Salamence,Dragon,Flying,Wyrmwind,Dragon,Sky Attack,Flying,Extreme Speed,Normal,7,8+,,,,Fly,-,Red,,,,
376,Metagross,Steel,Psychic,Meteor Mash,Steel,Mystic Beam,Psychic,Earthquake,Ground,7,8+,,,Mega,Teleport,-,Red,No,Red,,
405,Luxray,Electric,Dark,Hone Claws,Dark,Volt Switch,Electric,-,-,5,7+,,,,Flash,-,Red,,,,
429,Mismagius,Ghost,-,Ghostly Presence,Ghost,Spirit Break,Fairy,-,-,6,7+,,,,Flash,Versatile,Red,,,,
430,Honchkrow,Dark,Flying,Sucker Punch,Dark,Air Slash,Flying,-,-,5,7+,,,,Fly,Pick Up,Red,,,,
445,Garchomp,Dragon,Ground,Dragon Claw,Dragon,Earthquake,Ground,Fire Fang,Fire,7,8+,,,Mega,Dig,Strength,Red,No,Red,,
448,Lucario,Fighting,Steel,Meteor Mash,Steel,Aura Sphere,Fighting,Swords Dance,,6,7+,,,,Strength,-,Red,,,,
454,Toxicroak,Poison,Fighting,Gunk Shot,Poison,Drain Punch,Fighting,-,-,5,7+,,,,Strength,-,Red,,,,
461,Weavile,Dark,Ice,Hone Claws,Dark,Blizzard,Ice,-,-,5,7+,,,,Cut,-,Red,,Yellow,,
462,Magnezone,Electric,Steel,Flash Cannon,Steel,Zap Cannon,Electric,-,-,6,7+,,,,Flash,-,Red,Stone,Red,,
464,Rhyperior,Ground,Rock,Landslide,Ground,Rockfall,Rock,-,-,7,8+,,,,Strength,Surf,Red,No,Red,,
465,Tangrowth,Grass,Ground,Entangle,Grass,Earth Power,Ground,-,-,5,7+,,,,Cut,Dig,Red,Stone,Yellow,Yes,
466,Electivire,Electric,Fighting,Gigavolt,Electric,Drain Punch,Fighting,-,-,7,8+,,,,Flash,Strength,Red,Stone,,,
467,Magmortar,Fire,Steel,Flash Cannon,Steel,Eruption,Fire,-,-,7,8+,,,,Flash,Strength,Red,Stone,,,
468,Togekiss,Fairy,Flying,Strange Stream,Fairy,Hurricane,Flying,-,-,6,7+,,,,Flash,Fly,Red,Stone,,,
473,Mamoswine,Ice,Ground,Icicle Spear,Ice,Permafrost,Ground,-,-,5,7+,,,,Ride,Strength,Red,Stone,Yellow,Yes,
474,Porygon-Z,Normal,-,Zap Cannon,Electric,Psybeam,Psychic,-,-,7,8+,,,,Flash,-,Red,No,,,
475,Gallade,Psychic,Fighting,Brick Break,Fighting,Psyshock,Psychic,Ice Punch,Ice,5,7+,From Kirlia,2 + Dawn Stone,Mega,Strength,Teleport,Red,Stone,,,
477,Dusknoir,Ghost,-,Shadow Force,Ghost,Blizzard,Ice,-,-,5,7+,,,,Flash,Versatile,Red,,,,
508,Stoutland,Normal,-,Baton Pass,Normal,Volt Tackle,Electric,-,-,5,7+,,,,Flash,Strength,Red,,,,
523,Zebstrika,Electric,-,Volt Tackle,Electric,Stone Edge,Rock,-,-,6,7+,,,,Flash,-,Red,,,,
530,Excadrill,Ground,Steel,Smart Strike,Steel,Earthquake,Ground,-,-,5,7+,,,,-,-,Red,,Yellow,Yes,
534,Cokeldurr,Fighting,-,Cement Slam,Rock,Brick Break,Fighting,-,-,5,7+,,,,Strength,-,Red,,,,
542,Leavanny,Bug,Grass,Skitter Smack,Bug,Petal Dance,Grass,-,-,5,7+,,,,Cut,Healer,Red,,,,
545,Scolipede,Bug,Poison,Ooze Blast,Poison,U-Turn,Bug,-,-,6,7+,,,,Antidote,Cut,Red,,,,
553,Krookodile,Ground,Dark,Sucker Punch,Dark,Scorching Sands,Ground,-,-,6,7+,,,,Dig,Pick Up,Red,,,,
571,Zoroark,Dark,-,Dynamic Punch,Fighting,Sneak Away,Dark,-,-,5,7+,,,,Flash,Strength,Red,,,,
571,Zoroark (R),Normal,Ghost,Dizzy Punch,Normal,Shadowmeld,Ghost,-,-,5,7+,,,,Flash,Strength,Red,,,,
579,Reuniclus,Psychic,-,Cosmic Power,Psychic,Giga Drain,Grass,-,-,5,7+,,,,Cut,Flash,Red,,,,
593,Jellicent (Male),Water,Ghost,Foam Burst,Water,Phantom Force,Ghost,-,-,6,7+,,,,Surf,-,Red,,Red,,
593,Jellicent (Female),Water,Fairy,Spirit Break,Fairy,Aqua Tail,Water,-,-,6,7+,,,,Surf,-,Red,,Red,,
598,Ferrothorn,Grass,Steel,Spiky Shield,Grass,Corkscrew,Steel,-,-,6,7+,,,,Cut,Dig,Red,,,,
609,Chandelure,Ghost,Fire,Shadow Ball,Ghost,Heat Wave,Fire,-,-,5,7+,-,,,Flash,-,Red,Stone,Yellow,,
612,Haxorus,Dragon,-,Dragon Claw,Dragon,Iron Tail,Steel,-,-,5,7+,,,,Strength,-,Red,,Yellow,,
614,Beartic,Ice,Fighting,Superpower,Fighting,Ice Fang,Ice,-,-,6,7+,,,,Strength,Surf,Red,,,,
623,Golurk,Ground,Ghost,Specter Strike,Ghost,Landslide,Ground,-,-,6,7+,,,,Fly,Strength,Red,,,,
635,Hydreigon,Dark,Dragon,Nasty Plot,Dark,Dragon Pulse,Dragon,-,-,7,8+,,,,Fly,-,Red,No,Red,,
637,Volcarona,Bug,Fire,Quiver Dance,Bug,Heat Wave,Fire,-,-,6,7+,,,,Flash,Fly,Red,,,,
648,Meloetta B,Normal,Fighting,Close Combat,Fighting,Hyper Voice,Normal,-,-,7,8+,,,Free,-,-,Red,Wanderer,,,
648,Meloetta A,Normal,Psychic,Relic Song,Normal,Psyshock,Psychic,-,-,7,8+,,,Free,-,-,Red,Wanderer,Red,,
681,Aegislash Attack,Steel,Ghost,Sacred Sword,Fighting,Ethereal Burst,Ghost,-,-,7,8+,,,,-,-,Red,,,,
681,Aegislash Defense,Steel,Ghost,Sacred Sword,Fighting,King's Shield,Steel,-,-,7,8+,,,,-,-,Red,,,,
697,Tyrantrum,Rock,Dragon,Dragon Claw,Dragon,Head Smash,Rock,-,-,6,7+,,,,Strength,-,Red,Fossil,,,
706,Goodra,Dragon,-,Foam Burst,Water,Dragon Pulse,Dragon,-,-,6,7+,,,,Surf,Strength,Red,,,,
706,Goodra (R),Dragon,Steel,Dragon Pulse,Dragon,Bastion,Steel,-,-,6,7+,,,,Flash,Strength,Red,,,,
713,Avalugg,Ice,-,Avalanche,Ice,-,Normal,-,-,6,7+,,,,Surf,Strength,Red,,,,
713,Avalugg (R),Ice,Rock,Head Smash,Rock,Ice Fang,Ice,-,-,6,7+,,,,Dig,Strength,Red,,,,
715,Noivern,Flying,Dragon,Dragon Claw,Dragon,Hurricane,Flying,-,-,6,7+,,,,Fly,-,Red,,Red,,
721,Volcanion,Fire,Water,Steam Eruption,Water,Overheat,Fire,-,-,6,7+,,,,Flash,Surf,Red,Wanderer,,,
727,Incineroar,Fire,Dark,Darkest Lariat,Dark,Flare Blitz,Fire,-,-,4,7+,,,,Pick Up,Strength,Red,,,,
738,Vikavolt,Bug,Electric,Megahorn,Bug,Zap Cannon,Electric,-,-,7,8+,,,,Cut,Flash,Red,,,,
750,Mudsdale,Ground,-,Superpower,Fighting,Bulldoze,Ground,-,-,6,7+,,,,Strength,-,Red,,,,
809,Melmetal,Steel,-,Thunder Punch,Electric,Meteor Mash,Steel,-,-,5,7+,,,,Flash,Strength,Red,,,,
823,Corviknight,Flying,Steel,Steel Wing,Steel,Tailwind,Flying,-,-,5,7+,,,,Fly,-,Red,,Yellow,,
851,Centiskorch,Fire,Bug,Skitter Smack,Bug,Eruption,Fire,-,-,5,7+,,,,Flash,-,Red,,,,
861,Grimmsnarl,Dark,Fairy,Sucker Punch,Dark,Spirit Break,Fairy,-,-,5,7+,,,,Strength,-,Red,,Yellow,,
864,Cursola,Ghost,Rock,Ethereal Burst,Ghost,Mineral Blast,Rock,-,-,6,7+,,,,Surf,-,Red,,,,
873,Frosmoth,Bug,Ice,Quiver Dance,Bug,Blizzard,Ice,-,-,6,7+,,,,Flash,Fly,Red,,,,
887,Dragapult,Dragon,Ghost,Ethereal Burst,Ghost,Draco Meteor,Dragon,-,-,7,8+,,,,Flash,-,Red,,,,
900,Kleavor,Bug,Rock,X-Scissor,Bug,Stone Axe,Rock,-,-,6,7+,,,,Cut,Strength,Red,,,,
901,Ursaluna,Ground,Normal,Landslide,Ground,Thrash,Normal,-,-,6,7+,,,,Strength,-,Red,,,,
903,Sneasler,Fighting,Poison,Cross Poison,Poison,Close Combat,Fighting,-,-,5,7+,,,,Strength,-,Red,,,,
923,Pawmot,Electric,Fighting,Volt Tackle,Electric,Force Palm,Fighting,-,-,5,7+,,,,Flash,Strength,Red,,,,
959,Tinkaton,Fairy,Steel,Gigaton Hammer,Steel,Spirit Break,Fairy,-,-,6,7+,,,,-,-,Red,,,,
975,Cetitan,Ice,-,Freeze-Dry,Ice,Thrash,Normal,-,-,5,7+,,,,Ride,Surf,Red,,,,
979,Annihilape,Fighting,Ghost,Final Gambit,Fighting,Rage Fist,Ghost,-,-,6,7+,,,,Strength,-,Red,,,,
983,Kingambit,Dark,Steel,Kowtow Cleave,Dark,Cross Chop,Figthing,-,-,7,8+,,,,Cut,-,Red,,,,
985,Gigglybuff,Fighting,Fairy,Play Rough,Fairy,Rock Smash,Fighting,-,-,5,7+,,,,Flash,-,Red,,,,
987,Misagikus,Ghost,Fairy,Strange Stream,Fairy,Shadowmeld,Ghost,-,-,6,7+,,,,Flash,Versatile,Red,,,,
989,Magnefera,Electric,Ground,Zap Cannon,Electric,Earth Power,Ground,-,-,6,7+,Magnezone,2 + Iron Stone,,Flash,-,Red,,Blue,,
998,Baxcalibur,Dragon,Ice,Aurora Wave,Ice,Glaive Rush,Dragon,-,-,7,8+,,,,Flash,Strength,Red,,,,
1000,Gholdengo,Steel,Ghost,Make It Rain,Steel,Focus Blast,Fighting,-,-,6,7+,,,,Pick Up,Versatile,Red,,,,
1018,Archaludon,Steel,Dragon,Dragon Pulse,Dragon,Flash Cannon,Steel,-,-,6,7+,,,,Flash,Strength,Red,,,,
F005,Blankosu,Normal,Ghost,Ghostly Presence,Ghost,Baton Pass,Normal,-,-,5,7+,,,,-,-,Red,,,,
F006,Krampuror,Ice,Fire,Deep Freeze,Ice,Fire Spin,Fire,-,-,6,7+,,,,Fly,Strength,Red,,,,
F007,Kringuin,Ice,Fairy,Aurora Wave,Ice,Lucky Chant,Fairy,-,-,6,7+,,,,Fly,Healer,Red,,,,
F008,Corlossal,Water,Rock,Foam Burst,Water,Mineral Blast,Rock,-,-,6,7+,,,,Surf,-,Red,,,,
F010,Lavoon,Water,Fire,Fire Spin,Fire,Liquidation,Water,-,-,5,7+,,,,Surf,-,Red,Stone,Yellow,Yes,
F011,Glacina,Ice,Psychic,Aurora Wave,Ice,Hypnotize,Psychic,-,-,6,7+,,,,Flash,Teleport,Red,Stone,,,
F014,Sucroya,Dragon,Fairy,Wyrmwind,Dragon,Play Rough,Fairy,-,-,6,7+,,,,Fly,-,Red,,,,
F015,Magmallus,Fire,Rock,Eruption,Fire,Rockfall,Rock,-,-,6,7+,,,,Flash,Strength,Red,,,,
F018,Wulfreez,Ice,Dark,Knock Off,Dark,Ice Fang,Ice,-,-,5,7+,,,,Pick Up,Strength,Red,,,,
F023,Marleyzard,Grass,Fire,Aromatherapy,Grass,Blast Burn,Fire,-,-,7,8+,,,,Flash,Fly,Red,,,,
26,Raichu (R),Electric,Psychic,Discharge,Electric,Psyshock,Psychic,-,-,5,7+,,2 + Shiny Stone,Thunder Stone,Flash,Surf,Yellow,Stone,,,
26,Raichu,Electric,-,Volt Tackle,Electric,Draining Kiss,Fairy,-,-,5,7+,,2 + Thunder Stone,Shiny Stone,Flash,Surf,Yellow,Stone,,,
38,Ninetales,Fire,Fairy,Dazzling Gleam,Fairy,Heat Wave,Fire,-,-,5,7+,,-,Ice Stone,Flash,-,Yellow,,,,
38,Ninetales (R),Ice,Fairy,Dazzling Gleam,Fairy,Blizzard,Ice,-,-,5,7+,,-,Fire Stone,Flash,-,Yellow,,,,
45,Vileplume,Grass,Poison,Petal Dance,Grass,Stench,Poison,-,-,4,6+,from Gloom,1 + Leaf Stone,,Cut,-,Yellow,Stone,,,
47,Parasect,Bug,Grass,Skitter Smack,Bug,Spore,Grass,-,-,4,6+,,-,,Cut,-,Yellow,,Green,,
49,Venomoth,Bug,Psychic,Signal Beam,Bug,Zen Headbutt,Psychic,-,-,4,6+,,-,,Flash,-,Yellow,,Blue,,
53,Persian,Normal,-,Power Gem,Rock,Slash,Normal,-,-,5,7+,,-,,Pick Up,-,Yellow,,,,
53,Persian (R),Dark,-,Thunder Fang,Electric,Sneak Away,Dark,-,-,5,7+,,-,,Pick Up,-,Yellow,,,,
57,Primeape,Fighting,Ground,Seismic Toss,Fighting,Stomping Tantrum,Ground,-,-,4,6+,,-,,Strength,-,Yellow,,Blue,,
59,Arcanine,Fire,-,Fire Fang,Fire,Thunder Fang,Electric,-,-,5,7+,,-,,Flash,Strength,Yellow,Stone,Yellow,Yes,
59,Arcanine (R),Fire,Rock,Rockfall,Rock,Flare Blitz,Fire,-,,5,7+,,,,Flash,Strength,Yellow,,,,
77,Ponyta,Fire,-,Blaze Kick,Fire,Stomp,Normal,-,-,4,6+,Rapidash,2,Shiny Stone,-,-,Yellow,,Blue,,
77,Ponyta (R),Fairy,-,Fairy Wind,Fairy,Stomp,Normal,-,-,4,6+,Rapidash (R),2,Fire Stone,-,-,Yellow,,,,
F025,P'lausbill,Flying,Normal,Leaf Storm,Grass,Tailwind,Flying,-,-,5,7+,,,,Cut,Fly,Yellow,,,,
85,Dodrio (R),Fairy,Flying,Play Rough,Fairy,Drill Peck,Flying,-,-,4,6+,,,,Fly,,Yellow,,,,
85,Dodrio,Normal,Flying,Tri-Attack,Normal,Drill Peck,Flying,-,-,4,6+,,-,,Fly,-,Yellow,,Blue,,
91,Cloyster,Water,Ice,Razor Shell,Water,Icicle Spear,Ice,-,-,4,6+,,-,,Surf,-,Yellow,Stone,Blue,Yes,
97,Hypno,Psychic,-,Nasty Plot,Dark,Hypnotize,Psychic,-,-,4,6+,,-,,Flash,Teleport,Yellow,,,,
99,Kingler,Water,-,Crab Hammer,Water,Guillotine,Normal,-,-,4,6+,,-,,Surf,-,Yellow,,Blue,,
105,Marowak (R),Fire,Ghost,Fire Spin,Fire,Shadow Bone,Ghost,-,-,4,6+,,1 + Dusk Stone,Dawn Stone,Flash,Strength,Yellow,Stone,Blue,Yes,
105,Marowak,Ground,-,Bonemerang,Ground,Rock Smash,Rock,-,-,4,6+,,1,Dusk Stone,Strength,-,Yellow,,,,
112,Rhydon,Ground,Rock,Stomping Tantrum,Ground,Stone Edge,Rock,-,-,5,7+,Rhyperior,2,,Strength,Surf,Yellow,,,Yes,
113,Chansey,Normal,-,Lucky Chant,Fairy,Body Slam,Normal,-,-,4,6+,-,-,,Healer,-,Yellow,,,,
115,Kangaskhan,Normal,-,Dizzy Punch,Normal,Drain Punch,Fighting,???,-,4,6+,-,-,Mega,Surf,-,Yellow,,Blue,Yes,
117,Seadra,Water,-,Dragon Breath,Dragon,Bubble Beam,Water,-,-,4,6+,Kingdra,2,,Surf,-,Yellow,,,,
119,Seaking,Water,-,Megahorn,Bug,Flip Turn,Water,-,-,5,7+,,-,,Surf,-,Yellow,,,,
121,Starmie,Water,Psychic,Hydro Pump,Water,Psyshock,Psychic,-,-,5,7+,,-,,Surf,-,Yellow,Stone,,,
123,Scyther,Bug,Flying,Fury Cutter,Bug,Acrobatics,Flying,-,-,4,6+,Scizor,2 + Iron Stone,,Cut,-,Yellow,,Blue,Yes,
124,Jynx,Ice,Psychic,Aurora Beam,Ice,Psybeam,Psychic,-,-,4,6+,Glacina,2 + Ice Stone,,Flash,Teleport,Yellow,,Blue,Yes,
125,Electabuzz,Electric,Fighting,Thunderbolt,Electric,Rock Smash,Figthing,-,-,4,6+,Electivire,2 + Thunder Stone,,Flash,Strength,Yellow,,Blue,Yes,
126,Magmar,Fire,-,Flamethrower,Fire,Iron Tail,Steel,-,-,4,6+,Magmortar,2 + Fire Stone,,Flash,Strength,Yellow,,Blue,Yes,
127,Pinsir,Bug,Ground,X-Scissor,Bug,Earthquake,Ground,Submission,Fighting,4,6+,-,-,,Cut,Dig,Yellow,,Blue,Yes,
128,Tauros,Normal,-,Stomping Tantrum,Ground,Thrash,Normal,-,-,4,6+,-,-,,Strength,Surf,Yellow,,Blue,Yes,
128,Tauros (R1),Fighting,-,Submission,Fighting,Slam,Normal,-,-,4,6+,-,-,,Strength,Surf,Yellow,,Blue,Yes,
128,Tauros (R2),Fighting,Fire,Submission,Fighting,Blaze Kick,Fire,-,-,4,6+,-,-,,Strength,Surf,Yellow,,Blue,Yes,
128,Tauros (R3),Fighting,Water,Submission,Fighting,Aqua Ring,Water,-,-,4,6+,-,-,,Strength,Surf,Yellow,,Blue,Yes,
132,Ditto,Normal,-,Transform,Normal,-,-,-,-,4,6+,,,,DITTO,-,Yellow,,,Yes,
134,Vaporeon,Water,-,Bubble Beam,Water,Ice Beam,Ice,-,-,5,7+,from Eevee,2 + Water Stone,,Surf,-,Yellow,Gift,,,
135,Jolteon,Electric,-,Pin Missile,Bug,Discharge,Electric,-,-,5,7+,from Eevee,2 + Thunder Stone,,Flash,-,Yellow,Gift,,,
136,Flareon,Fire,-,Fire Spin,Fire,Metal Claw,Steel,-,-,5,7+,from Eevee,2 + Fire Stone,,Cut,-,Yellow,Gift,,,
142,Aerodactyl,Rock,Flying,Stone Edge,Rock,Hurricane,Flying,Ice Fang,Ice,4,6+,,,Mega,Fly,-,Yellow,Fossil,,,
148,Dragonair,Dragon,-,Dragon Rage,Dragon,Bind,Normal,-,-,4,6+,Dragonite,3,,Flash,-,Yellow,,Blue,Yes,
164,Noctowl,Flying,Normal,Hypnotize,Psychic,Air Slash,Flying,-,-,4,6+,,,,Fly,-,Yellow,,,,
169,Crobat,Poison,Flying,Cross Poison,Poison,Acrobatics,Flying,-,-,5,7+,,,,Fly,-,Yellow,,Yellow,,
171,Lanturn,Water,Electric,Thunder,Electric,Bubble Beam,Water,-,-,5,7+,,,,Surf,-,Yellow,,Yellow,,
F024,Vatu,Psychic,Flying,Drill Peck,Flying,Psybeam,Psychic,-,-,4,6+,,,,Fly,Teleport,Yellow,,,,
182,Bellossom,Grass,Fairy,Giga Drain,Grass,Dazzling Gleam,Fairy,-,-,4,6+,from Gloom,2 + Sun Stone,,Cut,Healer,Yellow,Stone,Blue,,
183,Azumarill,Water,Fairy,Hydro Cannon,Water,Play Rough,Fairy,-,-,5,7+,,,,Surf,-,Yellow,,,,
195,Espeon,Psychic,-,Power Gem,Rock,Psybeam,Psychic,-,-,5,7+,from Eevee,2 + Sun Stone,,Teleport,-,Yellow,Gift,,,
196,Umbreon,Dark,-,Nasty Plot,Dark,Covet,Normal,-,-,5,7+,from Eevee,2 + Moon Stone,,Dig,-,Yellow,Gift,,,
199,Slowking,Water,Psychic,Aqua Ring,Water,Power Gem,Rock,Calm Mind,Psychic,5,7+,from Slowpoke,2 + Water Stone,,Surf,-,Yellow,Stone,Yellow,,
199,Slowking (R),Poison,Psychic,Power Gem,Rock,Stench,Poison,-,-,5,7+,from Slowpoke,2 + Water Stone,,Surf,-,Yellow,Stone,Yellow,,
199,Slowking (M),Water,Psychic,Mystic Beam,Psychic,Rune Beam,Rock,Calm Mind,Psychic,5,7+,from Slowpoke,2 + Water Stone,,Surf,-,Yellow,Stone,Yellow,,
200,Misdreavus,Ghost,-,Faerie Fire,Fairy,Hex,Ghost,-,-,4,6+,,,,Flash,Versatile,Yellow,,,,
208,Steelix,Steel,Ground,Head Smash,Rock,Earth Power,Ground,Autotomize,Steel,5,7+,,,,Dig,Strength,Yellow,Stone,Yellow,Yes,
214,Heracross (M),Bug,Fighting,Seismic Toss,Fighting,Rock Blast,Rock,???,-,4,6+,,,,Strength,-,Yellow,,,,
214,Heracross,Bug,Fighting,Submission,Fighting,Megahorn,Bug,???,-,4,6+,,,,Strength,-,Yellow,,Blue,Yes,
217,Ursaring,Normal,-,Stomping Tantrum,Ground,Body Slam,Normal,-,-,4,6+,,,,Strength,-,Yellow,,,,
219,Magcargo,Fire,Rock,Gravalanche,Rock,Flamethrower,Fire,-,-,4,6+,,,,Flash,Strength,Yellow,,,,
227,Skarmory,Steel,Flying,Steel Wing,Steel,Hurricane,Flying,Roost,Flying,5,7+,,,,Fly,-,Yellow,,Yellow,Yes,
229,Houndoom,Dark,Fire,Flamethrower,Fire,Snarl,Dark,Stone Edge,Rock,4,6+,,,,Flash,Pick Up,Yellow,,,,
233,Porygon2,Normal,-,Hyper Beam,Normal,Sharpen,Normal,-,-,5,7+,Porygon Z,2,,-,-,Yellow,,,,
235,Smeargle,Normal,-,Sketch,Normal,Sketch,Normal,-,-,5,7+,,,,-,-,Yellow,Gift,,,
241,Miltank,Normal,-,Milk Drink,Normal,Rollout,Rock,-,-,4,6+,,,,Healer,Versatile,Yellow,,,,
247,Pupitar,Rock,Ground,Ancient Power,Rock,Mud Slap,Ground,-,-,4,6+,Tyranitar,3,,Dig,-,Yellow,,Blue,Yes,
262,Mightyena,Dark,-,Ice Fang,Ice,Crunch,Dark,-,-,4,6+,,,,-,-,Yellow,,Blue,Yes,
279,Pelipper,Water,Flying,Water Pulse,Water,Hurricane,Flying,-,-,5,7+,,,,Fly,Surf,Yellow,,,Yes,
286,Breloom,Grass,Fighting,Submission,Fighting,Spore,Grass,-,,4,6+,,,,Cut,Strength,Yellow,,,,
302,Sableye,Dark,Ghost,Shadowmeld,Ghost,Knock Off,Dark,Protect,Normal,5,7+,,,,Flash,Pick Up,Yellow,,,,
305,Lairon,Steel,Rock,Rock Slide,Rock,Iron Tail,Steel,-,-,4,6+,,,,Ride,-,Yellow,,,,
310,Manectric,Electric,-,Thunder Fang,Electric,Snarl,Dark,Extreme Speed,Normal,4,6+,,,,Flash,Pick Up,Yellow,,,,
324,Torkoal,Fire,-,Flame Wheel,Fire,Clear Smog,Poison,-,-,4,6+,,,,Flash,Versatile,Yellow,,,,
332,Cacturne,Grass,Dark,Sucker Punch,Dark,Needle Arm,Grass,-,-,4,6+,,,,-,-,Yellow,,,,
334,Altaria,Dragon,Flying,Dragon Breath,Dragon,Acrobatics,Flying,-,-,5,7+,,,,Fly,-,Yellow,,,,
335,Zangoose,Normal,Fighting,Dizzy Punch,Normal,Detect,Fighting,-,-,5,7+,,,,Cut,Strength,Yellow,,Yellow,Yes,
336,Seviper,Poison,Dark,Nasty Plot,Dark,Gunk Shot,Poison,-,-,5,7+,,,,Dig,Flash,Yellow,,Yellow,Yes,
354,Banette,Ghost,-,Specter Strike,Ghost,Lash Out,Dark,Calm Mind,Psychic,5,7+,,,,Pick Up,Versatile,Yellow,,,,
357,Tropius,Grass,Flying,Leaf Storm,Grass,Air Slash,Flying,-,-,5,7+,,,,Fly,-,Yellow,,Yellow,Yes,
372,Shelgon,Dragon,-,Dragon Rush,Dragon,Body Slam,Normal,-,-,4,6+,,,,-,-,Yellow,,,,
375,Metang,Steel,Psychic,Agility,Psychic,Iron Head,Steel,-,-,4,6+,Metagross,3,,Teleport,-,Yellow,,Blue,Yes,
377,Regirock,Rock,-,Rock Wrecker,Rock,Fire Punch,Fire,-,-,6,7+,,,,Strength,-,Yellow,Wanderer,,,
378,Regice,Ice,-,Thunderbolt,Electric,Ice Beam,Ice,-,-,6,7+,,,,Flash,-,Yellow,Wanderer,,,
379,Registeel,Steel,-,Dynamic Punch,Fighting,Smart Strike,Steel,-,-,6,7+,,,,Strength,-,Yellow,Wanderer,,,
426,Drifblim,Ghost,Flying,Ominous Wind,Ghost,Sky Attack,Flying,-,-,5,7+,,,,Fly,-,Yellow,,Yellow,,
428,Lopunny,Normal,-,Draining Kiss,Fairy,Baton Pass,Normal,Swords Dance,Normal,4,6+,,,,Pick Up,-,Yellow,,,,
444,Gabite,Dragon,Ground,Dual Chop,Dragon,Mud Slap,Ground,-,-,4,6+,Garchomp,3,,Dig,-,Yellow,,Blue,Yes,
460,Abomasnow,Grass,Ice,Needle Arm,Grass,Sheer Cold,Ice,-,-,4,6+,,,,Cut,Strength,Yellow,,,,
463,Lickilicky,Normal,-,Tongue Twister,Normal,Entangle,Grass,-,,5,7+,,,,Strength,Surf,Yellow,,,,
470,Leafeon,Grass,-,Giga Drain,Grass,Dig,Ground,-,-,5,7+,from Eevee,2 + Leaf Stone,,Dig,-,Yellow,Gift,,,
471,Glaceon,Ice,-,Freeze-Dry,Ice,Revenge,Fighting,-,-,5,7+,from Eevee,2 + Ice Stone,,Flash,-,Yellow,Gift,,,
479,Rotom,Electric,Ghost,Thunderbolt,Electric,Phantom Force,Ghost,-,-,5,No,,,,Flash,-,Yellow,Gift,,,
479,Rotom Fan,Electric,Flying,Thunderbolt,Electric,Air Slash,Flying,-,-,5,No,,,,Flash,-,Yellow,Gift,,,
479,Rotom Frost,Electric,Ice,Thunderbolt,Electric,Sheer Cold,Ice,-,-,5,No,,,,Flash,-,Yellow,Gift,,,
479,Rotom Heat,Electric,Fire,Thunderbolt,Electric,Lava Plume,Fire,-,-,5,No,,,,Flash,-,Yellow,Gift,,,
479,Rotom Mow,Electric,Grass,Thunderbolt,Electric,Leaf Storm,Grass,-,-,5,No,,,,Cut,Flash,Yellow,Gift,,,
479,Rotom Wash,Electric,Water,Thunderbolt,Electric,Hydro Pump,Water,-,-,5,No,,,,Flash,Surf,Yellow,Gift,,,
522,Blitzle,Electric,-,Thunderbolt,Electric,Stomp,Normal,-,-,4,6+,,,,Flash,-,Yellow,,,,
544,Whirlipede,Bug,Poison,Steamroller,Bug,Rollout,Rock,-,-,4,6+,,,,Antidote,Cut,Yellow,,,,
552,Krokorok,Ground,Dark,Lash Out,Dark,Dig,Ground,-,-,4,6+,,,,Dig,Pick Up,Yellow,,,,
558,Crustle,Bug,Rock,Rock Blast,Rock,Steamroller,Bug,-,-,5,7+,,,Mega,Cut,Strength,Yellow,,Yellow,Yes,
596,Galvantula,Bug,Electric,Skitter Smack,Bug,Electro Web,Electric,-,-,5,7+,,,,-,-,Yellow,,,,
621,Druddigon,Dragon,-,Drake Flare,Dragon,Fire Fang,Fire,-,-,5,7+,,,,Strength,-,Yellow,,,,
624,Bisharp,Dark,Steel,Sucker Punch,Dark,Smart Strike,Steel,-,-,5,7+,,,,Cut,-,Yellow,,,,
630,Mandibuzz,Dark,Flying,Dark Pulse,Dark,Bone Rush,Ground,-,-,5,7+,,,,Fly,-,Yellow,,Yellow,,
634,Zweilous,Dark,Dragon,Dual Chop,Dragon,Feint Attack,Dark,-,-,4,6+,Hydreigon,3,,-,-,Yellow,,Blue,Yes,
636,Larvesta,Bug,Fire,Flame Wheel,Fire,Bug Buzz,Bug,-,-,4,6+,,,,Flash,-,Yellow,,,,
638,Cobalion,Steel,Fighting,Sacred Sword,Fighting,King's Shield,Steel,-,-,6,7+,,,,Strength,Versatile,Yellow,Wanderer,,,
639,Terrakion,Rock,Fighting,Submission,Fighting,Rockfall,Rock,-,-,6,7+,,,,Strength,-,Yellow,Wanderer,,,
640,Virizion,Grass,Fighting,Petal Dance,Grass,Counter,Fighting,-,-,6,7+,,,,Healer,-,Yellow,Wanderer,,,
647,Keldeo,Water,Fighting,Cleansing Wave,Water,Hi-Jump Kick,Fighting,-,-,6,7+,,,,Strength,-,Yellow,Wanderer,,,
647,Keldeo (R),Water,Fighting,Sacred Sword,Fighting,Razor Shell,Water,-,-,6,7+,,,,Strength,-,Yellow,,,,
675,Pangoro,Fighting,Dark,Sucker Punch,Dark,Drain Punch,Fighting,-,-,5,7+,,,,Strength,-,Yellow,,,,
680,Duoblade,Steel,Ghost,Night Shade,Ghost,Metal Claw,Steel,-,-,4,6+,,,,-,-,Yellow,,,,
689,Barbaracle,Rock,Water,Razor Shell,Water,Head Smash,Rock,-,-,5,7+,,,,Cut,Surf,Yellow,,,,
695,Heliolisk,Electric,Dragon,Parabolic Charge,Electric,Dragon Pulse,Dragon,-,-,5,7+,,,,Flash,-,Yellow,Stone,Yellow,Yes,
699,Aurorus,Rock,Ice,Aurora Wave,Ice,Mineral Blast,Rock,-,-,6,7+,,,,Ride,-,Yellow,Fossil,,,
700,Sylveon,Fairy,-,Lucky Chant,Fairy,Aura Sphere,Fighting,-,-,5,7+,from Eevee,2 + Shiny Stone,,Flash,-,Yellow,Gift,,,
701,Hawlucha,Fighting,Flying,Flying Press,Fighting/Flying,Roost,Flying,-,-,5,7+,,,,Fly,Strength,Yellow,,,,
714,Noibat,Flying,Dragon,Dragon Breath,Dragon,Life Leech,Bug,-,-,4,6+,Noivern,2,,Fly,-,Yellow,,Blue,Yes,
737,Charjabug,Bug,Electric,Steamroller,Bug,Discharge,Electric,-,-,4,6+,,,,Cut,Flash,Yellow,,,,
749,Mudbray,Ground,-,Mud Slap,Ground,Stomp,Normal,-,-,4,6+,,,,-,-,Yellow,,,,
758,Salazzle,Poison,Fire,Corrosive Gas,Poison,Fire Spin,Fire,-,-,5,7+,,,,Dig,Flash,Yellow,,,,
855,Polteageist,Ghost,-,Specter Strike,Ghost,Giga Drain,Grass,-,-,5,7+,,,,Flash,-,Yellow,,,,
863,Perrserker,Steel,-,Stone Edge,Rock,Iron Head,Steel,-,-,5,7+,,-,,Pick Up,-,Yellow,,,,
865,Sirfetch'd,Flying,Fighting,Brave Bird,Flying,Sacred Sword,Figthing,-,-,5,7+,,,,Cut,Fly,Yellow,,Yellow,,
866,Mr. Rime,Psychic,Fairy,Strange Stream,Fairy,Mimic,Normal,-,-,5,7+,,,,Teleport,-,Yellow,,,Yes,
866,Mr. Rime (R),Ice,Fairy,Aurora Wave,Ice,Mimic,Normal,-,-,5,7+,,,,Teleport,-,Yellow,,,Yes,
872,Snom,Bug,Ice,Snow Flurry,Ice,Bug Buzz,Bug,-,-,4,6+,,,,Flash,-,Yellow,,,,
884,Duraludon,Steel,Dragon,Dragon Hammer,Dragon,Iron Head,Steel,-,-,4,6+,,,,Flash,Strength,Yellow,,,,
886,Drakloak,Dragon,Ghost,Ghostly Presence,Ghost,Dragon Rush,Dragon,-,-,4,6+,,,,Flash,-,Yellow,,,,
894,Regieleki,Electric,-,Self-Destruct,Normal,Gigavolt,Electric,-,-,6,7+,,,,Flash,-,Yellow,Wanderer,,,
895,Regidrago,Dragon,-,Dragon Pulse,Dragon,Hyper Beam,Normal,-,-,6,7+,,,,Strength,-,Yellow,Wanderer,,,
918,Spidops,Bug,-,Silk Trap,Bug,Rock Smash,Fighting,-,-,4,6+,,,,Cut,Versatile,Yellow,,,,
941,Kilowattrel,Electric,Flying,Zap Cannon,Electric,Drill Peck,Flying,-,-,5,7+,,,,Flash,Fly,Yellow,,,,
997,Arctibax,Dragon,Ice,Dragon Breath,Dragon,Icicle Crash,Ice,-,-,4,6+,,,,Flash,-,Yellow,,,,
F001,Brawleon,Fighting,-,Foul Play,Dark,Submission,Fighting,-,-,5,7+,from Eevee,2 + Dawn Stone,,Strength,-,Yellow,Gift,,,
F002,Metleon,Steel,-,Gravalanche,Rock,Flash Cannon,Steel,-,-,5,7+,from Eevee,2 + Iron Stone,,Dig,-,Yellow,Gift,,,
F003,Phanteon,Ghost,-,Shadow Ball,Ghost,Will-O-Wisp,Fire,-,-,5,7+,from Eevee,2 + Dusk Stone,,Flash,-,Yellow,Gift,,,
F004,Zephyreon,Flying,-,Thunderbolt,Electric,Air Slash,Flying,-,-,5,No,,,,Fly,-,Yellow,Gift,,,
F020,Frosslord,Ice,Fighting,Rock Smash,Fighting,Ice Punch,Ice,-,-,4,6+,,,,Strength,-,Yellow,,,,
F022,Mariguana,Grass,Fire,Smoke Clound,Fire,Grass Whistle,Grass,-,-,4,6+,,,,Flash,-,Yellow,,,,
265,Wurmple,Bug,-,String Shot,Bug,Tackle,Normal,,,,,,,,,,,,,,
266,Silcoon,Bug,-,Harden,Normal,Gust,Flying,,,,,,,,,,,,,,
267,Beautifly,Bug,Flying,Mega Drain ,Grass,Air Slash,Flying,,,,,,,,,,,,,,
268,Cascoon,Bug,Poison,Poison Sting,Poison,Harden,Normal,,,,,,,,,,,,,,
269,Dustox,Bug,Poison,Neurotoxin,Poison,Psybeam,Psychic,,,,,,,,,,,,,,