Name,Type,Power,Dice,Boni 1,Boni 2,Boni 3,#Pokemon,EV,,
Hidden Power,???,3,1D6,Type decided when TM appears on the market.,,-,0,,EVs,
Stringshot,Bug,1,1D8,Trap on 4+,-,-,0,4.47,d6,3.5
Silk Trap,Bug,3,1D6,Total Disadvantage,Trap on 3+,-,1,,,
Quiver Dance,Bug,4,1D6,Advantage,next: advantage,-,2,8.95,d6 adv,4.47
Fell Stinger,Bug,4,1D6,Advantage on 4+,-,-,1,,d6 dadv,2.5
Infestation,Bug,,,-,-,-,0,,d6 adv 2,4.95
Silver Wind,Bug,,,-,-,-,0,,d6 dadv 2,2.04
Tail Glow,Bug,,,-,-,-,0,,d8 adv,5.81
Pollen Puff,Bug,,,-,-,-,0,,d8 dadv,3.18
Lunge,Bug,,,-,-,-,0,,d8 adv 2,6.46
Chomp,Dragon,2,1D8,Flinch on 5+,-,-,1,,d8 dadv 2,2.52
Bug Bite,Bug,,,-,-,-,0,,d4 adv,3.12
Bug Buzz,Bug,3,1D6,Disadvantage,-,-,4,7,d4 dadv,1.87
Pin Missile,Bug,0,3D4,-,-,-,1,7.5,d4 adv 2,3.43
Twineedle,Bug,0,2D8,Poison on 4+,-,-,1,5,d4 dadv 2,1.56
Megahorn,Bug,4,1D4,Advantage,Advantage on 4+,-,3,7.5,,
Steamroller,Bug,3,1D6,Super Red Disadvantage,-,-,5,,,
U-Turn,Bug,2,1D6,Advantage,Switch on 2+,-,4,5.5,,
Fury Cutter,Bug,2,1D6,Stacking Power (0/+1/+2/+3/0),Advantage,-,3,6.5,,
Struggle Bug,Bug,2,1D6,Disadvantage,-,-,6,6.5,,
Skitter Smack,Bug,3,1D8,Recover on 5+,-,-,5,,,
X-Scissor,Bug,3,1D8,Advantage on 5+,-,-,5,7.5,,
Signal Beam,Bug,4,1D6,Red Disadvantage,Confuse (1) on 3+,-,4,7.5,,
Leech Life,Bug ,3,1D6,Recover on 5+,-,-,2,6.5,,
Bug Bite,Bug,3,1D6,Special Effect on 2+,-,-,0,,,
False Surrender,Dark,3,1D6,Disadvantage,Ignores Disadvantage,-,0,6.5,,
Embargo,Dark,2,1D6,Your opponent can't play item cards on 2+,Also disable your opponents Attachment,,0,5.5,,
Taunt,Dark,2,1D6,Remove your enemies special effects on 2+.,-,-,0,,,
Payback,Dark,3,1D6,Lost: Advantage on 3+,Lost: next: Red advantage/Advantage,-,0,6.5,,
Snarl,Dark,3,1D6,Red Disadvantage,Opponent Next on 4+: -2 Power,-,3,6.5,,
Darkest Lariat,Dark,0,2D6,Ignores Disadvantage,-,-,1,,,
Beat Up,Dark,2,1D6,Total Disadvantage,-,-,1,,,
Eclipse,Dark,,,-,-,-,0,,,
Brutal Swing,Dark,,,-,-,-,0,,,
Fake Tears,Dark,,,-,-,-,0,,,
Jaw Lock,Dark,,,-,-,-,0,,,
Wicked Blow,Dark,,,-,-,-,0,,,
Assurance,Dark,1,1D6,Red Disadvantage,Red Disadvantage on 4+,-,1,4.5,,
Night Slash,Dark,3,1D6,Advantage,-,-,2,6.47,,
Lash Out,Dark,2,2D4,Flinch on 6+,-,-,3,,,
Dark Pulse,Dark,3,1D6,Disadvantage,Flinch on 5+,-,2,6.5,,
Feint Attack,Dark,3,1D6,Ignores Disadvantage,-,-,4,6.5,,
Knock Off,Dark,3,1D8,Disable Item & Ability on 4+,-,-,4,,,
Foul Play,Dark,X,1D6,X = Opponent's Level halfed (Rounded Up),Disadvantage,-,4,,,
Hone Claws,Dark,3,2D4,Super Advantage,-,-,4,,,
Snatch,Dark,2,1D6,Loot on 6+,-,-,7,,,
Crunch,Dark,3,1D6,Disadvantage,-,-,3,7.5,,
Nasty Plot,Dark,2,1D6,Next: +2 Power and (Super Red Advantage OR Extra Damage on 6+),-,-,5,5.5,,
Sucker Punch,Dark,3,1D8,Flinch on 6+,Win Ties,-,13,,,
Bite,Dark,2,1D6,Flinch on 6+,-,-,14,5.5,,
Sneak Away,Dark,2,1D6,Flinch on 5+,Switch on 2+,-,2,,,
Kowtow Cleave,Dark,3,1D8,Super Disadvantage,Extra Damage on 6+,-,1,,,
Torment,Dark,1,1D8,Enemy Recharge on 3+,-,-,0,,,
Breaking Swipe,Dragon,3,1D8,Ignore Disadvantage,Extra Damage on 6+,-,2,,,
Dragon Energy,Dragon,,,-,-,-,0,,,
Wyrmwind,Dragon,,1D8,Use 1d8,Confuse (2) on 5+,-,3,,,
Scale Shot,Dragon,0,3D4,Use 3d4,-,-,0,,,
Delta Beam,Dragon,,,-,-,-,0,,,
Dragon Bond,Dragon,,,-,-,-,0,,,
Zephyr Strike,Dragon,,,-,-,-,0,,,
Draco Meteor,Dragon,5,1D6,Next on 4+: -2 Power,-,-,2,,,
Dragon Horn,Dragon,1,1D8,Advantage on 5+,-,-,0,,,
Dragon Hammer,Dragon,3,1D6,Disadvantage,-,-,2,6.5,,
Dragon Rage,Dragon,3,1D6,Not affected by type chart,Advantage,-,1,6.5,,
Dragon Rush,Dragon,2,1D8,Flinch on 5+,-,-,5,6.5,,
Drake Flare,Dragon,3,1D8,Burn on 5+,-,-,4,,,
Outrage,Dragon,5,1D6,Confuse Self (2) on 6+,-,-,2,8.5,,
Twister,Dragon,2,1D6,Flinch on 6+,-,-,6,5.5,,
Dual Chop,Dragon,2,2D4,-,-,-,4,7,,
Dragon Tail,Dragon,3,1D4,-,-,-,5,5.5,,
Dragon Claw,Dragon,2,1D8,Advantage,-,-,4,,,
Dragon Breath,Dragon,3,1D6,Paralyze on 5+,-,-,7,6.5,,
Dragon Dance,Dragon,3,1D6,Next: +1 Power and (Advantage OR Super Red Advantage),-,-,4,,,
Dragon Pulse,Dragon,3,1D8,Advantage on 5+,-,-,9,6.5,,
Glaive Rush,Dragon,3,1D8,Recoil on 6+,Extra Damage on 6+,-,3,,,
Charge Beam,Electric,3,1D6,Next on 4+: +1 Power,-,-,0,,,
Magnet Rise,Electric,0,,Nullify weakness to ground attacks on 2+.,-,-,0,3.5,,
Volt Switch,Electric,2,1D6,Switch on 2+,-,-,1,,,
Bolt Strike,Electric,5,,(Zekrom signature move),-,-,0,8.5,,
High Voltage,Electric,,,-,-,-,0,,,
Ball Lightning,Electric,,,-,-,-,0,,,
Overdrive,Electric,,,-,-,-,0,,,
Nuzzle,Electric,1,1D6,Paralyze on 2+,-,-,2,4.5,,
Shock Wave,Electric,2,2D4,Super Advantage on 4+,-,-,0,,,
Parabolic Charge,Electric,3,1D6,Recover on 5+,-,-,2,6.5,,
Thunder Punch,Electric,2,1D8,Paralyze on 6+,-,-,3,5.5,,
Wild Charge,Electric,5,1D6,Recoil on 6+,-,-,1,8.5,,
Electrocute,Electric,0,2D4,Paralyze on 4+,-,-,3,,,
Electro Web,Electric,2,1D8,Trap on 5+,Paralyze on 5+,-,1,,,
Ion Deluge,Electric,3,1D6,Confuse (2) on 5+,-,-,1,,,
Thunder Wave,Electric,0,1D6,Paralyze on 2+,-,-,2,3.5,,
Volt Tackle,Electric,5,1D6,Paralyze on 6+,Recoil on 6+,-,4,8.5,,
Gigavolt,Electric,5,1D6,Paralyze on 5+,Next on 4+: -3 Power,-,4,,,
Thunder,Electric,4,1D6,Paralyze on 5+,-,-,3,7.5,,
Zap Cannon,Electric,3,1D8,Paralyze on 4+,-,-,8,6.5,,
Discharge,Electric,3,1D6,Paralyze on 4+,-,-,5,6.5,,
Thunder Fang,Electric,3,1D6,Paralyze on 6+,Flinch on 6+,-,6,6.5,,
Thunder Shock,Electric,2,1D6,Paralyze on 6+,-,-,7,5.5,,
Spark,Electric,2,1D4,Additional 1d4 on 4+,Paralyze on 6+,-,4,5.75,,
Thunderbolt,Electric,3,1D6,Paralyze on 5+,-,-,13,6.5,,
Magnet Rise,Electric,0,1D6,Special on 2+,-,-,0,,,
Strange Steam,Fairy,3,1D6,Confuse(2) on 4+ OR Next: Super Red Advantage,-,-,0,6.5,,
Wish,Fairy,,,-,-,-,0,,,
Flower Dance,Fairy,,,-,-,-,0,,,
Flower Shield,Fairy,,,-,-,-,0,,,
Starfall,Fairy,3,1D8,Flinch on 6+ OR Extra Damage on 6+,-,-,1,,,
Lovely Kiss,Fairy,0,,Sleep on 4+,-,-,0,,,
Noble Roar,Fairy,,,-,-,-,0,,,
Play Nice,Fairy,,,-,-,-,0,,,
Refresh,Fairy,,,-,-,-,0,,,
Simple Beam,Fairy,,,-,-,-,0,,,
Soft-Boiled,Fairy,,,-,-,-,0,,,
Tickle,Fairy,,,-,-,-,0,,,
Spirit Break,Fairy,3,1D8,Red Disadvantage,-,-,5,6.5,,
Sweet Scent,Fairy,0,1D6,On 2+: Reduce Opponent's Catch Rate by 2 (Only stacks with other Effects),-,-,2,,,
Charm,Fairy,2,1D6,Disadvantage OR Next: Super Red Advantage,-,-,7,6.5,,
Sweet Kiss,Fairy,1,1D6,Confuse(3) on 5+ OR +1 Power,-,-,2,4.5,,
Faerie Fire,Fairy,3,1D6,Burn on 5+,-,-,3,,,
Draining Kiss,Fairy,2,1D6,Recover on 5+ OR +1 Power,-,-,7,5.5,,
Fairy Wind,Fairy,2,1D6,Disadvantage OR Red Disadvantage,-,-,5,,,
Dazzling Gleam,Fairy,3,1D6,Advantage OR Disadvantage,-,-,4,6.5,,
Disarming Voice,Fairy,2,1D6,-,-,-,6,5.5,,
Moonblast,Fairy,3,1D6,Disadvantage OR Red Disadvantage,-,-,4,7.5,,
Lucky Chant,Fairy,3,1D6,Advantage OR Loot on 6+,-,-,7,,,
Play Rough,Fairy,3,1D8,Enemy Disadvantage on 5+,-,-,9,6.5,,
Reversal,Fighting,2,1D6,+1 for every HP the user has lost.,-,-,0,5.5,,
Cross Chop,Fighting,4,1D6,Advantage,-,-,3,8.47,,
Focus Punch,Fighting,4,1D6,Lose Ties,-,-,0,7.5,,
Power-Up Punch,Fighting,2,1D6,Next: +1 Power & Red Advantage,-,-,0,,,
Dynamic Punch,Fighting,3,1D6,Confuse(1) enemy on 4+,-,-,2,,,
Hi-Jump Kick,Fighting,5,1D6,Recoil on 6+,-,-,3,8.5,,
Triple Kick,Fighting,0,3D4,-,-,-,2,,,
Close Combat,Fighting,5,1D6,Recharge,-,-,2,,,
Karate Chop,Fighting,2,1D6,Advantage,-,-,5,5.5,,
Double Kick,Fighting,0,2D4,-,-,-,2,5,,
Aura Sphere,Fighting,3,1D6,Red Disadvantage,-,-,2,7.47,,
Force Palm,Fighting,3,1D6,Paralyze on 5+,-,-,3,6.5,,
Detect,Fighting,4,1D6,Super Advantage,Recharge,-,2,,,
Sacred Sword,Fighting,2,1D8,Advantage on 4+,-,-,5,6.5,,
Mach Punch,Fighting,2,1D6,Win Ties,-,-,3,,,
Low Kick,Fighting,X,1D6,X = Opponent's Level halfed (Rounded Up),-,-,3,,,
Counter,Fighting,X,1D6,X = Opponent's Power (not counting Effectiveness),Advantage on 3+,-,5,-,,
Seismic Toss,Fighting,X,1D6,X = User's Level halfed (Rounded Up),-,-,4,-,,
Revenge,Fighting,2,1D6,Lost: +2 Power,-,-,4,5.5,,
Focus Blast,Fighting,3,1D6,On 3+: +2 Power,-,-,6,,,
Brick Break,Fighting,4,1D6,-,-,-,5,7.5,,
Rock Smash,Fighting,3,1D6,Enemy Disadvantage on 3+,-,-,8,7,,
Drain Punch,Fighting,3,1D6,Recover 5+,-,-,6,6.5,,
Submission,Fighting,3,1D6,Extra damage on 6+,-,-,11,6.5,,
Superpower,Fighting ,5,1D6,Next on 4+: -3 Power,-,-,4,8.5,,
Flying Press,Fighting ,3,1D6,Also Flying Type,Advantage,-,,,,
Final Gambit,Fighting ,3,1D6,Explosion,-,-,,,,
Inferno,Fire,4,1D6,Burn on 2+,-,-,0,7.5,,
Fusion Flare,Fire,5,1D6,(Reshiram signature move),-,-,0,8.5,,
Blast Burn,Fire,4,1D6,Super Disadvantage,Recoil on 6+,-,1,,,
Smoke Cloud,Fire,2,1D6,Total Disadvantage,-,-,,,,
Burn Up,Fire,,,-,-,-,0,,,
Fire Lash,Fire,,,-,-,-,0,,,
Flame Burst,Fire,,,-,-,-,0,,,
Wildfire,Fire,,,-,-,-,0,,,
Fireball,Fire,,,-,-,-,0,,,
Incinerate,Fire,,,-,-,-,0,,,
Lava Flow,Fire,,,-,-,-,0,,,
Magma Burst,Fire,,,-,-,-,0,,,
Lava Plume,Fire,3,1D6,Disadvantage on 5+,Burn on 5+,-,2,6.5,,
Flame Wheel,Fire,2,2D4,Burn on 6+,-,-,2,7,,
Fire Blast,Fire,3,1D6,On 3+: +2 Power,-,-,1,6.5,,
Flare Blitz,Fire,5,1D6,Recoil on 6+,-,-,3,8.5,,
V-Create,Fire,5,1D4,Super Disadvantage,-,-,1,,,
Overheat,Fire,3,1D8,-,-,-,3,6.5,,
Fire Punch,Fire,2,1D8,Burn on 6+,-,-,2,5.5,,
Eruption,Fire,5,1D6,Burn on 5+,Next on 4+: -3 Power,-,4,,,
Will-O-Wisp,Fire,1,1D6,Burn on 2+,-,-,3,4.5,,
Blaze Kick,Fire,2,1D6,Burn on 3+,-,-,4,5.5,,
Ember,Fire,2,1D6,Burn on 6+,-,-,5,5.5,,
Fire Fang,Fire,3,1D6,Burn on 6+,Flinch on 6+,-,6,,,
Flamethrower,Fire,3,1D6,Burn on 5+,-,-,7,6.5,,
Heat Wave,Fire,4,1D6,Burn on 5+,-,-,6,7.5,,
Fire Spin,Fire,2,1D8,Trap on 4+,Burn on 5+,-,6,5.985,,
Sizzle,Fire,0,2D4,Burn on 5+,-,-,10,,,
Hurricance,Flying,3,1D8,Confuse(4) on 6+,-,-,0,6.5,,
Roost,Flying,3,1D6,Recover on 5+,-,-,2,,,
Mirror Move,Flying,X,1D6,Copies Enemy move,-,-,0,-,,
Flock Attack,Flying,,,-,-,-,0,,,
Bounce,Flying,,,-,-,-,1,,,
Feather Dance,Flying,,,-,-,-,0,,,
Airstream,Flying,,,-,-,-,0,,,
Pluck,Flying,,,-,-,-,0,,,
Skystrike,Flying,,,-,-,-,0,,,
Wing Attack,Flying,3,1D6,-,-,-,1,6.5,,
Oblivion Wing,Flying,3,,-,-,-,0,6.5,,
Dual Wingbeat,Flying,0,2D8,-,-,-,4,,,
Gust,Flying,2,1D6,-,-,-,3,5.5,,
Aerial Ace,Flying,3,1D6,Advantage,-,-,2,7.47,,
Sky Attack,Flying,5,1D6,Advantage,Recharge,-,4,8.5,,
Tailwind,Flying,2,1D6,Next: +2 Power and Super Advantage,-,-,3,5.5,,
Acrobatics,Flying,3,1D8,-,-,-,3,7.5,,
Brave Bird,Flying,5,1D6,Recoil on 6+,-,-,4,8.5,,
Drill Peck,Flying,3,1D6,Advantage,Advantage on 3+,-,6,6.5,,
Air Cutter,Flying,2,1D6,Advantage,-,-,7,6.47,,
Air Slash,Flying,3,1D6,Flinch on 5+,-,-,8,6.5,,
Peck,Flying,0,2D4,Advantage,Advantage on 4+,,10,3.5,,
Bounce,Flying,3,1D6,Paralyze on 5+,-,-,1,,,
Grudge,Ghost,2,1D6,Total Disadvantage,-,-,,,,
Shadow Claw,Ghost,3,1D6,Advantage,-,-,0,,,
Poltergeist,Ghost,,,,-,-,0,,,
Apparition,Ghost,,,,-,-,0,,,
Banshee Veil,Ghost,,,,-,-,0,,,
Shadow Bone,Ghost,3,1D6,Disadvantage,-,-,1,7.5,,
Shadow Force,Ghost,5,1D6,Disadvantage,Recharge,-,2,8.5,,
Night Shade,Ghost,X,1D6,X = User's Level halfed (Rounded Up),-,-,2,-,,
Shadow Punch,Ghost,2,1D8,Super Disadvantage,-,-,2,,,
Spirit Shackle,Ghost,2,1D8,Trap on 5+,Disable Item & Ability on 5+,-,2,,,
Ethereal Burst,Ghost,3,1D8,Disadvantage,Disadvantage on 4+,-,3,,,
Ghostly Presence,Ghost,2,1D8,Freeze on 6+,-,-,4,,,
Lick,Ghost,2,1D6,Paralyze on 5+,-,-,2,5.5,,
Confuse Ray,Ghost,1,1D6,Confuse(2) on 2+,-,-,3,4.5,,
Phantom Force,Ghost,3,1D8,-,-,-,2,,,
Shadow Sneak,Ghost,2,1D6,Win Tie,-,-,4,5.5,,
Ominous Wind,Ghost,3,1D6,Super Red Disadvantage,-,-,1,,,
Specter Strike,Ghost,3,1D6,Disadvantage,Flinch on 5+,-,6,,,
Astonish,Ghost,2,1D6,Flinch on 6+,-,-,8,5.5,,
Hex,Ghost,2,1D6,If Opponent has a Status Condition: +2 Power,Disadvantage,-,7,5.5,,
Shadow Ball,Ghost,4,1D6,Disadvantage on 4+,-,-,4,7.833333333,,
Shadowmeld,Ghost,2,1D6,Disadvantage,Switch on 2+,-,4,,,
Rage Fist,Ghost,4,1D8,Super Disadvantage,Recoil on 6+,-,1,,,
Power Whip,Grass,2,1D8,Extra damage on 6+,-,-,2,5.5,,
Energy Ball,Grass,3,1D8,-,-,-,0,6.5,,
Magical Leaf,Grass,3,1D6,Red Disadvantage on 4+,-,-,0,,,
Sleep Powder,Grass,0,1D6,Sleep on 4+,-,-,1,3.5,,
Razor Leaf,Grass,3,1D6,-,-,-,0,6.5,,
Grass Knot,Grass,X,1D6,X = Opponent's Level halfed (Rounded Up),-,-,0,-,,
Aromatherapy,Grass,3,1D6,Cleanse on 4+,Confusion (2) on 6+,-,2,,,
Entangle,Grass,3,1D6,Trap on 5+,Recover on 5+,-,2,,,
Worry Seed,Grass,3,1D6,on 2+: Remove all special effects from any pokemon's move until end of battle.,-,-,0,,,
Vine Whip,Grass,2,1D6,-,-,-,2,5.5,,
Leaf Blade,Grass,3,1D6,Advantage,-,-,1,7.47,,
Spore,Grass,0,1D6,Sleep on 3+,-,-,2,3.5,,
Bullet Seed,Grass,2,2D4,-,-,-,3,,,
Grass Whistle,Grass,2,1D6,Sleep on 4+,-,-,2,5.5,,
Forest's Curse,Grass,3,1D6,On 2+: Opponent's Types change to Grass,-,-,1,,,
Horn Leech,Grass,0,2D8,Recover on 5+,-,-,1,3.5,,
Solar Beam,Grass,5,1D6,Total Disadvantage,Recharge,-,1,8.5,,
Wood Hammer,Grass,5,1D6,Recoil on 6+,-,-,1,8.5,,
Cotton Guard,Grass,1,1D6,Disadvantage,Disadvantage on 4+,-,2,,,
Needle Arm,Grass,2,2D4,Flinch on 5+,-,-,2,,,
Needle Storm,Grass,0,2D4,Additional 1d4 on 2+; 4+; 6+,-,-,1,,,
Choking Roots,Grass,5,1D6,Trap on 5+,Recover on 5+,Recharge,0,,,
Spiky Shield,Grass,5,1D6,Flinch on 5+,Extra damage on 5+,Recharge,1,,,
Log Swing,Grass,2,1D6,Flinch on 6+,-,-,2,,,
Stun Spore,Grass,0,1D6,Paralyze on 2+,-,-,2,3.5,,
Leech Seed,Grass,0,2D4,Trap on 5+,Recover on 5+,-,4,3.5,,
Petal Dance,Grass,5,1D6,Confuse(2) self on 6+,-,-,4,8.5,,
Branch Poke,Grass,3,1D4,-,-,-,3,,,
Leaf Storm,Grass,5,1D6,Super Red Disadvantage,Next on 4+: -2 Power,-,5,8.5,,
Mega Drain,Grass,2,1D8,Recover on 5+,-,-,3,5.5,,
Absorb,Grass,1,1D8,Recover on 6+,-,-,5,4.5,,
Giga Drain,Grass,3,1D8,Recover on 5+,-,-,9,6.5,,
Magnitude,Ground,0,1D10,-,-,-,0,4.5,,
Mud Shot,Ground,3,1D6,on 3+: Enemy has -1 next turn,-,-,0,,,
Fissure,Ground,,,,-,-,0,,,
Quake,Ground,,,,-,-,0,,,
Soil Burst,Ground,,,,-,-,0,,,
Burrow,Ground,1,1D6,Full Disadvantage,-,-,1,,,
Seismic Wave,Ground,,,,-,-,0,,,
Bone Rush,Ground,0,3D4,-,-,-,2,7.5,,
Bone Club,Ground,2,1D6,-,-,-,1,5.5,,
Bonemerang,Ground,2,2D4,-,-,-,1,7,,
Scorching Sands,Ground,3,1D6,Burn on 5+,-,-,3,,,
Sand Tomb,Ground,2,1D8,Trap on 4+,-,-,1,,,
Dust Devil,Ground,2,1D8,Disadvantage,-,-,1,,,
Land's Wrath,Ground,3,1D6,Disadvantage,Disadvantage on 3+,-,0,,,
Drill Run,Ground,2,1D6,Advantage,-,-,2,6.47,,
Mud Bomb,Ground,2,1D6,Disadvantage,Disadvantage on 4+,-,2,6,,
Sand Attack,Ground,0,1D6,Disadvantage,-,-,4,4.5,,
Bulldoze,Ground,3,1D6,Disadvantage,-,-,4,7.5,,
Loam Toss,Ground,0,2D4,-,-,-,5,,,
Earthquake,Ground,4,1D6,-,-,-,7,7.5,,
Earth Power,Ground,3,1D8,-,-,-,6,,,
Dig,Ground,3,1D6,Disadvantage on 3+,-,-,6,6.5,,
Stomping Tantrum,Ground,3,1D6,Lost: Advantage and Disavantage,-,-,5,6.5,,
Landslide,Ground,5,1D6,Next on 4+: -3 Power,-,-,6,,,
Mud Slap,Ground,2,1D6,Disadvantage,-,-,11,6.5,,
Permafrost,Ground,3,1D6,Freeze on 6+,-,-,,,,
Frost Claw,Ice,,,,-,-,0,,,
Snow Flurry,Ice,2,2D4,Freeze on 6+,-,-,2,,,
Sleet Storm,Ice,,,,-,-,0,,,
Slushy Snow,Ice,,,,-,-,0,,,
Aurora Veil,Ice,1,2D4,Total Disadvantage,-,-,,,,
Aurora Beam,Ice,2,2D4,Total Disadvantage,-,-,3,5.833333333,,
Icy Wind,Ice,2,1D6,-,-,-,3,5.5,,
Icicle Crash,Ice,3,1D6,Flinch on 5+,-,-,2,,,
Freeze-Dry,Ice,3,1D6,Super Advantage,Super Effective against Water,-,2,6.5,,
Cold Snap,Ice,0,1D6,Freeze on 5+,-,-,1,,,
Ice Shard,Ice,2,1D6,Win Tie,-,-,4,5.5,,
Icicle Spear,Ice,0,3D4,-,-,-,3,,,
Sheer Cold,Ice,3,1D6,Extra damage on 6+,-,-,2,,,
Ice Punch,Ice,2,1D8,Freeze on 6+,-,-,5,5.5,,
Deep Freeze,Ice,5,1D6,Freeze on 6+,Next on 4+: -3 Power,-,3,,,
Ice Fang,Ice,3,1D6,Freeze on 6+,Flinch on 6+,-,7,6.5,,
Aurora Wave,Ice,3,2D4,Total Disadvantage,-,-,8,,,
Blizzard,Ice,4,1D6,Freeze on 6+,-,-,5,7.5,,
Ice Beam,Ice,3,1D6,Freeze on 6+,-,-,5,6.5,,
Powder Snow,Ice,2,1D6,Freeze on 6+,-,-,7,5.5,,
Avalanche,Ice,,2D4,Flinch on 6+,-,-,1,,,
Frost Breath,Ice,,1D4,Additional 1d4 on 4+,Freeze on 6+,-,1,,,
Retaliate,Normal,3,1D6,Lost: +2 Power,-,-,0,6.5,,
Milk Drink,Normal,0,1D6,Flinch on 4+,Recover on 5+ and 6+,Recharge,1,,,
Mega Punch,Normal,2,1D8,Disadvantage,Disadvantage on 4+,-,0,,,
Horn Attack,Normal,2,1D6,-,-,-,0,5.5,,
Harden,Normal,0,1D6,Super Disadvantage,-,-,2,4.5,,
Howl,Normal,1,1D8,Total Disadvantage,-,-,1,5.5,,
Fury Attack,Normal,1,1D6,2D6 on 4+,-,-,0,4.985,,
Double Slap,Normal,2,1D4,2D4 on 4+,-,-,0,5.75,,
Double Team,Normal,2,1D6,Flinch on 4+,-,-,0,6.5,,
Safeguard,Normal,2,1D6,On a 2+ your opponent has red die disadvantage until your pokemon faints.,-,-,0,,,
Slack Off,Normal,2,1D6,on 2+: heal 1,Recharge,-,1,,,
Swift,Normal,2,2D4,Super Advantage on 4+,Ignores Disadvantage,-,1,6.47,,
Facade,Normal,3,1D6,Power +3 when affected by status.,-,-,0,,,
Skull Bash,Normal,3,1D6,Next move +2 Enemy Disadvantage,-,-,0,6.5,,
Chip Away,Normal,4,1D6,Ignores Disadvantage,-,-,0,7.5,,
Crush Claw,Normal,4,1D6,Disadvantage,-,-,0,,,
Double Edge,Normal,4,1D6,Deals 1 damage to self on 6+,-,-,0,7.5,,
Encore,Normal,4,1D6,Priority: your opponent selects the move he used last if possible.,-,-,0,,,
Fake Out,Normal,4,1D6,"Flinch, only usable on first turn",-,-,0,7.5,,
Protect,Normal,4,1D6,"Enemy Triple Disadvantage, Recharge",-,-,1,,,
Slam,Normal,4,1D6,Extra damage on 6+,-,-,3,7.5,,
Swagger,Normal,4,1D6,Confuse on 2+,Enemy +2 next,-,0,,,
Extreme Speed,Normal,5,1D6,Win tie,-,-,2,,,
Last Resort,Normal,6,1D6,Only usable at 1 HP.,Recharge,-,0,,,
Takedown,Normal,6,1D6,Damage self by 1 on 6+,-,-,0,9.5,,
Barrage,Normal,,,-,-,-,0,3.75,,
Horn Drill,Normal,,,-,-,-,0,3.5,,
Hyper Fang,Normal,,,-,-,-,0,3.5,,
Lovely Kiss,Normal,,,-,-,-,0,3.5,,
Mega Kick,Normal,,,-,-,-,0,3.5,,
Minimize,Normal,,,-,-,-,0,4.5,,
Rage,Normal,,,-,-,-,0,4.47,,
Screech,Normal,,,-,-,-,0,4.95,,
Spike Cannon,Normal,,,-,-,-,0,3.75,,
Swords Dance,Normal,,,-,-,-,2.5,4.95,,
Helping Hand,Normal,3,1D6,Next: Super Red Advantage,-,-,0,,,
Shell Smash,Normal,3,1D6,Next: +1 Power and Super Advantage,-,-,0,,,
Work Up,Normal,2,1D6,Next: +2 Power,Lvl 6+: (Next: Advantage),-,0,,,
Quick Attack,Normal,2,1D6,Win Tie,-,-,3,5.5,,
Hyper Beam,Normal,5,1D6,Advantage,Recharge,-,2,8.5,,
Growl,Normal,1,1D6,Disadvantage,-,-,1,5.5,,
Covet,Normal,3,1D6,Disables Items & Abilities on 3+,-,-,1,6.5,,
Splash,Normal,0,1D6,-,-,-,2,3.5,,
Supersonic,Normal,1,1D6,Confuse(1) on 3+,-,-,2,4.5,,
Fury Swipes,Normal,1,2D4,Advantage,-,-,2,4.985,,
Conversion,Normal,2,1D6,Next: Super Red Advantage,-,-,1,-,,
Guillotine,Normal,2,1D6,Instakill on 6+,-,-,1,5.5,,
Sing,Normal,2,1D6,Red Disadvantage,Sleep on 4+,-,4,5.5,,
Present,Normal,2,1D6,All Effects on 6+: Trap; Heal Enemy; Recover; Extra Damage; Recoil; Loot,-,-,1,,,
Vice Grip,Normal,2,1D6,Trap on 4+,-,-,1,5.5,,
Sharpen,Normal,3,1D6,Next: Super Advantage,-,-,1,7.47,,
Egg Bomb,Normal,4,1D6,Red Disadvantage,-,-,1,7.5,,
Glare,Normal,3,1D6,Paralyze on 3+,Trap on 5+,-,1,6.5,,
Giga Impact,Normal,5,1D6,Confuse (4) on 6+,Next on 4+: 0 Power,-,1,8.5,,
Thrash,Normal,6,1D6,Confuse(2) self on 5+,-,-,3,9.5,,
Super Fang,Normal,X,1D6,X = Opponent's level halfed (Rounded Up),Advantage on 4+,-,2,-,,
Techno Blast,Normal,5,1D6,Type change on d4 (Electric/Fire/Ice/Water),-,-,0,8.5,,
Baton Pass,Normal,2,1D6,Switch on 3+,Next: Advantage,-,3,,,
Tail Whip,Normal,1,1D6,Advantage,-,-,3,5.47,,
Wrap,Normal,0,2D4,Additional 1d4 on 4+,Trap on 4+,-,2,3.985,,
Disable,Normal,2,1D6,Priority: Disable one of the opponent's moves,-,-,2,5.5,,
Explosion,Normal,6,1D6,User Faints! Extra damage! Extra damage if opponent was beat by a value of 5+,-,-,3,9.5,,
Smokescreen,Normal,1,1D6,Disadvantage,Red Disadvantage,-,2,5.5,,
Tri Attack,Normal,3,1D6,Paralyze on 6+,Burn on 6+,Freeze on 6+,0,6.5,,
Self Destruct,Normal,4,1D6,User Faints! Extra damage! Extra damage if opponent was beat by a value of 5+,-,-,2,7.5,,
Mimic,Normal,X,1D6,Choose an opponent's move. Mimic gets replaced with that move for the rest of the battle or until you switch out.,-,-,7,-,,
Transform,Normal,0,1D6,Transform into your Opponent.,-,-,2,-,,
Bind,Normal,2,2D4,Additional 1d4 on 4+,Trap on 4+,-,3,5.985,,
Pay Day,Normal,2,1D6,Loot on 6+,-,-,4,5.5,,
Dizzy Punch,Normal,3,1D8,Confuse (2) on 5+,-,-,3,6.5,,
Metronome,Normal,X,1D6,Reveal the top card of the TM deck. You use that move.,-,-,2,,,
Sketch,Normal,0,1D6,On 2+: Choose an opponent's move. Sketch gets replaced with that move for the rest of the game.,-,-,2,,,
Slash,Normal,2,1D8,Advantage,-,-,3,5.5,,
Scratch,Normal,0,1D8,Advantage on 4+,-,-,4,3.5,,
Focus Energy,Normal,2,1D6,Next: Advantage,-,-,4,5.5,,
Stomp,Normal,3,1D6,Flinch on 5+,-,-,4,6.5,,
Defense Curl,Normal,1,1D6,Disadvantage,Disadvantage on 4+,-,7,5.5,,
Leer,Normal,1,1D6,Opponent Next on 3+: -1 Power,-,-,5,5.47,,
Body Slam,Normal,3,1D6,Paralyze on 5+,-,-,9,6.5,,
Tackle,Normal,2,1D4,Advantage,-,-,12,5.5,,
Headbutt,Normal,2,1D6,Flinch on 5+,-,-,14,5.5,,
Pound,Normal ,3,1D4,Advantage on 5+,-,-,1,6.5,,
Razor Wind,Normal ,3,1D6,Next: +2 Power and (Super Red Advantage OR Extra Damage on 6+),-,-,1,6.5,,
Relic Song,Normal ,4,1D6,Sleep on 5+,-,-,2,,,
Hyper Voice,Normal ,4,1D6,Super Advantage,-,-,3,,,
Recover,Normal ,0,1D6,Flinch on 4+,Double Recover 4+; 4+,Double Recharge,,,,
Acid,Poison,2,1D6,Advantage,Confuse (2) on 5+,-,0,,,
Poison Fang,Poison,3,1D6,Poison on 6+,Flinch on 6+,-,0,,,
Poison Powder,Poison,0,1D6,Poison on 2+,-,-,0,3.5,,
Smog,Poison,2,1D6,Red Disadvantage,Poison on 5+,-,1,5.5,,
Toxic Spikes,Poison,0,1D6,Poison each enemy that enters the battle,-,-,0,3.5,,
Belch,Poison,3,1D6,If Pokemon consumed berry: +3 this combat,-,-,0,6.5,,
Poison Tail,Poison,4,1D6,Poison on 3+,-,-,0,,,
Acid Rain,Poison,,,,-,-,0,,,
Trash Blast,Poison,,,,-,-,0,,,
Sludge,Poison,2,1D6,Poison on 5+,-,-,1,5.5,,
Old Venoshock,Poison,2,1D6,Advantage,If opponent is poisoned: +2 Power,lvl 6+: +2 Power => +3 Power,0,,,
Venoshock,Poison,2,1D6,If opponent is poisoned: +2 Power,Poison on 6+,Extra Damage on 6+,1,,,
Clear Smog,Poison,2,1D8,Total Disadvantage,-,-,1,,,
Corrosive Gas,Poison,3,1D6,Super Advantage,Super Effective against Steel,-,2,,,
Poison Ram,Poison,2,1D8,Poison on 5+,-,-,0,,,
Venom Bite,Poison,2,2D4,Poison on 5+,-,-,0,,,
Noxious Gas,Poison,2,1D6,Extra damage on 6+,Poison on 5+,-,0,,,
Miasma,Poison,3,1D6,Confuse (2) on 5+,-,-,1,,,
Stench,Poison,4,1D4,Paralyze on 4+,-,-,2,,,
Sludge Bomb,Poison,3,1D6,Poison on 5+,-,-,3,6.5,,
Sludge Wave,Poison,4,1D6,Poison on 4+,-,-,2,7.5,,
Toxic,Poison,2,1D6,Poison on 2+,-,-,2,5.5,,
Acid Spray,Poison,2,1D6,Disadvantage,-,-,2,6.5,,
Cross Poison,Poison,3,1D6,Advantage,Poison on 4+,-,3,6.5,,
Gastro Acid,Poison,2,1D6,Next: +2 Power and Super Advantage,-,-,2,,,
Gunk Shot,Poison,5,1D6,Poison on 4+,Next on 4+: -3 Power,-,2,,,
Poison Jab,Poison,3,1D6,Poison on 4+,-,-,3,6.5,,
Venom Stab,Poison ,1,1D6,Advantage,Advantage on 4+,Poison on 4+,2,,,
Acid Armor,Poison ,1,1D6,Triple Disadvantage,-,-,0,5.95,,
Acid Splash,Poison ,2,1D6,Super Red Disadvantage,-,-,1,,,
Neurotoxin,Poison ,3,1D6,Disadvantage,Trap on 5+,-,3,,,
Poison Sting,Poison ,1,1D8,Poison on 5+,-,-,5,4.5,,
Ooze Blast,Poison ,2,1D8,Trap on 4+,Poison on 4+,-,6,,,
Toxic Spikes,Poison,1,2D4,Poison on 4+,Special Effect on 2+ (Enemy Poison on Entry 2+),-,0,,,
Mystical Fire,Psychic,,,-,-,-,0,,,
Stargaze,Psychic,3,1D8,-,-,-,0,7.5,,
Light Screen,Psychic,2,1D6,Disadvantage,Next: Disadvantage,-,0,6.96,,
Reflect,Psychic,0,1D6,Enemy Triple Disadvantage,-,-,0,4.96,,
Calm Mind,Psychic,1,1D6,Enemy Triple Disadvantage,Next: +1  PWR  & Advantage/Red Advantage,-,4,,,
Magic Coat,Psychic,2,1D6,Copy your enemies special effects on 2+.,-,-,0,,,
Extrasensory,Psychic,3,1D6,Red die disadvantage,-,-,0,6.5,,
Tail Bite,Psychic,3,1D6,Flinch on 6+,Confusion on 6+,Also Dark Type,0,,,
Rest & Snore,Psychic,0,1D6,Recover 1,Cleanse all Status then sleep (1 Turn),Gain +2 while Asleep,0,3.5,,
Rest,Psychic,0,1D6,Self Sleep,"Tripple Recover on 2+, 4+, 6+",,1,,,
Snore,Psychic,3,1D8,Super Red Disadvantage,,,1,,,
Teleport,Psychic,0,1D6,Super Disadvantage,-,-,1,4.5,,
Barrier,Psychic,2,2D4,Super Disadvantage,-,-,1,6.96,,
Amnesia,Psychic,2,1D6,Super Disadvantage,-,-,2,,,
Kinesis,Psychic,3,1D6,Next: Super Red Advantage OR Super Red Disadvantage,-,-,1,,,
Psycho Cut,Psychic,3,1D6,Advantage,-,-,1,7.47,,
Mirror Coat,Psychic,X,1D6,X = Opponent's Power (not counting Effectiveness),Disadvantage on 3+,-,3,,,
Future Sight,Psychic,3,1D6,Next move +2,-,-,1,6.5,,
Hypnosis,Psychic,0,1D6,Sleep on 4+,-,-,2,3.5,,
Psychic,Psychic,4,1D6,Enemy Red Disadvantage at 5+,-,-,2,7.5,,
Psywave,Psychic,0,2D6,Confuse(1) on 3+,-,-,2,7,,
Agility,Psychic,2,1D6,Next: Red Advantage and Super Advantage,-,-,4,6.95,,
Psyshock,Psychic,3,1D8,-,-,-,6,7.5,,
Zen Headbutt,Psychic,3,1D6,Flinch on 5+,-,-,4,6.5,,
Confusion,Psychic,2,1D6,Confuse(2) on 6+,-,-,8,5.5,,
Psybeam,Psychic,3,1D6,Confuse(2) on 5+,-,-,8,6.5,,
Disorient,Psychic ,2,1D8,Trap on 4+,Confuse (2) on 4+,-,3,,,
Psykiss,Psychic ,0,2D4,Confuse (2) on 6+,-,-,4,,,
Hypnotize,Psychic ,4,1D4,Sleep on 4+,-,-,4,,,
Cosmic Power,Psychic ,3,1D6,Advantage,Disadvantage,-,3,7.96,,
Mystic Beam,Psychic ,3,1D8,Extra Damage on 6+,-,-,,,,
Rock Polish,Rock,0,1D6,Next move +2,-,-,0,3.5,,
Sandstorm,Rock,2,1D6,"on 2+: Evey non-steel, non-ground, non-rock pokemon rolls a d6 each turn. Take 1 damage on a 1.",-,-,0,5.5,,
Crystal Wave,Rock,,,,-,-,0,,,
Volcalith,Rock,,,,-,-,0,,,
Meteor Beam,Rock,,,,-,-,0,,,
Tar Shot,Rock,,,,-,-,0,,,
Rock Tumble,Rock,,,,-,-,0,,,
Ancient Power,Rock,2,1D6,Advantage on 4+,Disadvantage on 4+,-,6,5.833333333,,
Accelerock,Rock,2,1D6,Win Ties,-,-,4,,,
Cement Slam,Rock,2,1D8,Advantage on 4+,-,-,2,,,
Rune Beam,Rock,2,1D8,Paralyze on 5+,-,-,2,,,
Rollout,Rock,2,1D6,Stacking Power (0/+1/+2/+3/0),-,-,5,,,
Pebble Toss,Rock,0,2D4,-,-,-,3,,,
Stone Shard,Rock,4,1D4,-,-,-,2,,,
Mineral Blast,Rock,3,1D6,Super Red Disadvantage,-,-,5,,,
Tectonic Rage,Rock,5,1D6,Next on 4+: -3 Power,-,-,4,,,
Rock Slide,Rock,3,1D6,-,-,-,2,6.5,,
Rock Tomb,Rock,3,1D6,Disadvantage,-,-,2,7.5,,
Rock Blast,Rock,0,3D4,-,-,-,4,3.5,,
Rock Throw,Rock,2,1D6,-,-,-,3,5.5,,
Rock Wrecker,Rock,5,1D6,Recharge,-,-,3,8.5,,
Power Gem,Rock,3,1D6,Red Disadvantage on 4+,-,-,6,6.5,,
Head Smash,Rock,5,1D6,Recoil on 6+,-,-,6,8.5,,
Gravalanche,Rock,2,2D4,Advantage on 4+,-,-,4,,,
Rockfall,Rock,3,1D8,Flinch on 5+,-,-,8,,,
Stone Edge,Rock,3,1D6,Advantage,-,-,9,7.47,,
Stone Axe,Rock,1,1D8,Super Advantage,-,-,,,,
Mirror Shot,Steel,3,1D6,Enemy Disadvantage on 4+,-,-,0,7,,
Make It Rain,Steel,5,1D6,Total Disadvantage,Loot on 6+,Recharge,,,,
Meltdown,Steel,,,,-,-,0,,,
Heavy Slam,Steel,,,,-,-,0,,,
Steel Spike,Steel,,,,-,-,0,,,
Metal Burst,Steel,,,,-,-,0,,,
Steel Beam,Steel,,,,-,-,0,,,
Rough Grit,Steel,,,,-,-,0,,,
Alloy Beam,Steel,,,,-,-,0,,,
Gyro Ball,Steel,X,1D6,X = User's Level halfed (Rounded Up),-,-,1,-,,
Knife Edge,Steel,1,1D8,Flinch on 6+,-,-,,,,
Magnet Bomb,Steel,2,1D8,Disadvantage,-,-,3,#REF!,,
King's Shield,Steel,4,1D6,Super Disadvantage,Recharge,-,2.5,7.5,,
Bullet Punch,Steel,2,1D6,Win Ties,-,-,4,,,
Meteor Mash,Steel,3,1D6,On 5+: All your moves gain +1 until you faint or switch out. (Doesn't Stack),-,-,3,,,
Autotomize,Steel,,,,-,-,1,,,
Tri-Cannon,Steel,0,2D4; 1D8,-,-,-,1,,,
Girder Smack,Steel,2,1D8,Paralyze on 5+,-,-,1,,,
Iron Head,Steel,3,1D6,Flinch on 5+,-,-,5,6.5,,
Corkscrew,Steel,0,3D4,-,-,-,3,,,
Iron Tail,Steel,3,1D6,Disadvantage,-,-,4,7.5,,
Steel Wing,Steel,3,1D6,Disadvantage,Disadvantage on 4+,-,3,7.5,,
Smart Strike,Steel,5,1D4,Super Advantage,-,-,3,,,
Metal Claw,Steel,3,1D6,Advantage,-,-,7,#REF!,,
Flash Cannon,Steel,3,1D8,Red Disadvantage,-,-,6,#REF!,,
Iron Defense,Steel,2,1D6,Super Disadvantage,-,-,6,6.96,,
Shelter,Steel,3,1D6,Disadvantage,Next: Disadvantage,-,,,,
Bastion,Steel,4,1D6,Full Disadvantages,Next: Full Disadvantage,-,,,,
Gigaton Hammer,Steel,6,1D4,Advantage,Recharge,-,,,,
Whirlpool,Water,,,,-,-,0,3.985,,
Brine,Water,3,1D6,Gain 1 Attack Bonus for each HP your opponent is below his maximum.,-,-,0,6.5,,
Riptide,Water,,,,-,-,0,,,
Rushing Tide,Water,,,,-,-,0,,,
Hydro Vortex,Water,,,,-,-,0,,,
Life Dew,Water,,,,-,-,0,,,
Steam Cloud,Water,,,,-,-,0,,,
Scald,Water,3,1D6,Burn on 5+,-,-,1,6.5,,
Surf,Water,3,1D6,-,-,-,1,6.5,,
Crab Hammer,Water,2,1D8,Ignores Disadvantage,Trap on 5+,,1,6.47,,
Steam Eruption,Water,4,1D6,Burn on 5+,-,-,1,7.5,,
Foam Burst,Water,3,1D8,Cleanse on 5+,Confuse (2) on 5+,,5,,,
Fin Slap,Water,0,1D6,-,-,-,1,,,
Cleansing Wave,Water,2,1D8,Cleanse on 4+,-,-,2,,,
Clamp,Water,2,1D4,Additional 1d4 on 4+,Trap on 4+,-,2,5.75,,
Razor Shell,Water,3,1D6,Advantage,Disadvantage,-,4,7.5,,
Aqua Tail,Water,4,1D6,Advantage,-,-,3,8.47,,
Aqua Ring,Water,3,1D6,Cleanse on 4+,Recover on 6+,-,3,6.5,,
Withdraw,Water,2,1D6,Disadvantage,-,-,2,,,
Flip Turn,Water,2,1D6,Cleanse on 5+,Switch on 2+,-,2,,,
Water Gun,Water,2,1D6,-,-,-,4,5.5,,
Liquidation,Water,3,1D6,Super Disadvantage,-,-,3,7.96,,
Hydro Cannon,Water,5,1D6,Recharge,-,-,3,,,
Stormsurge,Water,0,3D4,Cleanse on 5+,-,-,2,,,
Bubble Beam,Water,3,1D6,Red Disadvantage,Cleanse on 5+,-,5,6.5,,
Bubble,Water,0,2D4,Cleanse on 5+,-,-,5,3.5,,
Aqua Jet,Water,2,1D6,Win Tie,-,-,3,5.5,,
Hydro Pump,Water,3,1D6,On 3+: +2 Power,-,-,5,6.5,,
Waterfall,Water ,3,1D6,Flinch on 5+,-,-,1,6.5,,
Water Pulse,Water ,3,1D6,Confuse(2) on 5+,-,-,8,6.5,,
Tongue Twister,Normal,3,1D6,Super Advantage,Trap on 5+,-,1,,,
Milk Drink,Normal,0,1D6,Recharge,Heal on 3+,-,,,,
Healing Wish,Fairy,0,1D6,User Faints,Next Pokemon enters with +1 HP,-,,,,
Rest,Psychic,0,1D6,"Triple Recover on 2+, 4+, 6+",,,,,,
Leafage,Grass,1,2D4,Advantage on 4+,,,,,,
Yawn,Normal,1,1D6,Red Disadvantage,Next: Sleep 4+,,,,,
Double Slap,Normal,2,2D4,Super Advantage on 5+,,,,,,
Horn Attack,Normal,2,1D8,Extra Damage on 6+,,,,,,
Bulk Up,Fighting,1,1D6,Next: +1 Power and Advantage + Disadvantage,,,,,,
Big Yawn,Normal,3,1D6,Red Disadvantage,Next: Sleep 4+,,,,,